"subject_id","V1__1","V2__1","V1__2","V2__2","V1__3","V2__3","V1__4","V2__4","V1__5","V2__5","V1__6","V2__6","V1__7","V2__7","V1__8","V2__8"
"0","a","c","b","e","e","g","g","h","g","g","f","d","e","b","d","a"
"1","a","e","b","f","e","g","g","h","g","f","f","d","e","b","d","a"
"2","a","d","b","e","e","g","h","h","g","f","f","d","d","b","d","a"
"3","a","f","c","h","g","h","f","f","e","c","b","b","d","b","h","b"
"4","a","e","c","f","f","g","g","g","f","f","e","d","e","b","e","a"
"5","a","e","d","f","g","h","h","g","g","e","e","c","c","b","b","a"
"6","a","f","c","f","g","h","g","g","f","e","f","c","e","b","d","a"
"7","a","c","b","e","f","g","h","h","g","f","e","d","d","b","d","a"
"8","b","f","e","g","g","h","e","f","d","c","a","b","d","b","h","b"
"9","b","d","b","f","f","g","h","h","g","f","e","d","c","b","b","a"
"10","a","b","c","d","f","f","h","h","g","g","e","e","c","c","b","a"
"11","a","e","b","g","g","h","f","g","d","e","d","c","e","b","g","a"
"12","b","g","d","g","e","h","d","f","e","c","h","b","e","b","a","a"
"13","a","e","e","f","h","h","g","g","e","e","c","c","c","b","d","a"
"14","a","e","a","e","d","g","f","h","g","g","f","d","f","b","f","a"
"15","a","e","c","f","f","h","f","g","e","e","e","c","f","a","h","a"
"16","b","f","f","g","h","h","f","f","f","d","e","b","a","a","b","a"
"17","a","b","b","c","d","f","g","g","h","h","g","f","e","c","d","a"
"18","h","h","g","g","f","f","d","e","c","d","b","c","b","b","b","a"
"19","a","c","b","e","f","g","h","h","g","g","e","d","d","b","d","a"
"20","a","e","a","f","e","g","g","g","f","e","f","c","f","b","f","a"
"21","a","c","c","e","f","g","h","h","g","f","f","d","d","b","b","a"
"22","a","g","e","h","f","h","f","f","f","c","b","b","b","b","h","b"
"23","f","g","h","h","g","g","f","f","d","d","b","c","a","b","a","a"
"24","a","f","c","g","h","h","h","g","g","e","e","c","c","b","b","a"
"25","a","e","b","f","e","g","g","g","g","f","f","c","e","b","f","a"
"26","b","f","e","h","f","h","e","e","f","c","a","b","c","b","h","b"
"27","h","h","h","g","f","f","e","e","c","d","b","c","b","b","b","a"
"28","h","g","g","h","f","g","e","e","d","d","c","c","b","b","a","a"
"29","a","c","b","e","e","g","h","h","g","g","f","d","d","b","c","a"
"30","a","d","c","e","g","g","h","h","g","f","e","d","c","b","b","a"
"31","a","e","d","g","h","h","g","g","e","e","c","c","c","b","d","a"
"32","a","d","b","e","e","g","g","h","f","f","f","d","e","b","f","a"
"33","h","g","e","h","c","g","c","f","d","d","d","c","c","b","c","a"
"34","e","f","f","g","h","h","g","f","e","e","c","c","a","b","a","a"
"35","a","f","d","g","h","h","g","f","f","e","e","c","c","b","b","a"
"36","a","f","b","e","e","f","g","h","g","f","f","d","e","b","d","a"
"37","c","g","g","h","f","g","e","d","d","b","a","b","d","b","h","b"
"38","a","e","b","f","d","h","e","g","f","e","f","c","f","b","h","a"
"39","a","e","b","f","g","h","h","g","g","e","e","c","d","b","d","a"
"40","a","c","b","d","e","f","g","g","h","h","f","e","e","b","d","a"
"41","a","c","b","e","e","g","g","h","h","g","f","e","e","b","c","a"
"42","b","c","e","e","g","g","h","h","f","f","d","d","b","b","a","a"
"43","a","e","b","f","f","g","g","h","f","f","e","c","e","b","f","a"
"44","a","f","d","g","g","h","g","f","f","b","b","b","b","b","g","b"
"45","g","f","b","f","h","g","h","g","f","e","c","c","b","b","a","a"
"46","a","h","e","g","g","g","g","e","g","d","f","c","d","b","a","a"
"47","c","f","g","g","g","h","e","f","c","c","a","b","c","b","h","b"
"48","a","e","d","f","h","g","h","g","f","f","d","d","c","b","b","a"
"49","a","f","c","g","d","h","d","f","e","e","f","c","g","a","g","a"
"50","a","e","a","f","d","g","f","g","f","f","f","c","g","b","g","a"
"51","a","f","c","f","f","h","g","g","g","e","f","c","e","b","d","a"
"52","b","e","d","f","g","h","g","g","e","e","e","b","a","a","g","b"
"53","a","f","b","f","f","g","h","g","g","f","e","c","d","b","d","a"
"54","a","d","b","e","d","g","g","h","g","g","g","d","e","b","e","a"
"55","h","h","g","g","f","f","e","e","e","d","c","c","a","b","a","a"
"56","a","d","b","f","f","g","h","h","g","f","f","d","d","b","c","a"
"57","b","f","d","f","f","h","f","f","f","c","h","b","e","b","a","b"
"58","a","d","a","e","d","g","h","h","h","g","f","d","d","b","c","a"
"59","c","e","f","g","h","h","g","g","e","d","c","b","a","a","b","a"
"60","a","c","b","e","d","g","g","h","f","g","f","d","f","b","f","a"
"61","c","g","b","e","f","h","d","g","e","d","e","a","a","b","h","b"
"62","a","f","e","h","f","h","f","f","f","c","b","b","b","b","h","b"
"63","c","e","a","e","d","g","h","h","g","f","f","d","d","b","d","a"
"64","a","d","c","f","g","g","h","h","g","f","e","d","c","b","b","a"
"65","a","f","c","g","h","h","g","f","f","e","d","c","d","a","e","a"
"66","c","d","a","f","c","g","g","g","f","f","e","d","e","b","g","a"
"67","a","d","a","e","c","f","f","g","h","g","g","e","e","b","e","a"
"68","a","c","b","e","e","g","g","h","g","g","f","d","e","b","e","a"
"69","a","e","d","f","g","g","h","g","g","f","e","c","c","b","b","a"
"70","c","f","e","h","e","g","e","d","g","b","h","b","c","b","a","b"
"71","a","f","d","g","f","h","e","f","e","d","f","b","c","a","h","a"
"72","a","e","b","g","g","h","h","g","g","e","e","c","d","a","c","a"
"73","a","e","d","g","h","h","g","g","e","e","d","c","c","b","e","a"
"74","a","f","d","g","f","h","f","f","e","c","b","b","c","b","h","b"
"75","a","e","c","f","g","h","g","g","f","e","e","c","d","b","e","a"
"76","c","f","c","g","h","h","h","f","f","e","d","c","b","b","a","a"
"77","c","f","g","g","g","h","g","f","f","d","e","b","a","a","a","a"
"78","b","d","e","f","h","h","g","g","f","f","d","c","b","b","a","a"
"79","b","g","e","h","d","g","c","e","e","b","h","b","f","b","a","b"
"80","b","f","d","h","d","g","d","d","b","b","c","b","g","b","h","b"
"81","b","f","f","g","g","h","f","f","f","c","c","b","a","b","g","b"
"82","d","g","d","g","e","h","d","e","c","b","a","b","e","b","h","b"
"83","a","e","c","g","g","h","g","g","e","d","d","b","b","a","g","b"
"84","a","h","f","g","g","g","g","e","f","d","f","c","c","b","c","a"
"85","a","d","b","f","f","g","g","g","f","f","e","d","e","b","f","a"
"86","a","e","b","f","e","g","g","h","g","f","f","c","f","b","f","a"
"87","b","g","e","h","e","g","e","d","c","b","a","b","f","b","h","b"
"88","a","e","b","f","e","g","h","h","g","f","f","d","d","b","c","a"
"89","c","g","g","h","g","g","f","e","f","c","e","b","a","b","e","b"
"90","a","e","b","g","f","h","g","g","f","e","f","c","e","b","f","a"
"91","a","d","a","d","d","g","g","h","h","g","g","d","e","b","d","a"
"92","h","g","d","h","b","g","b","f","c","d","c","c","d","b","g","a"
"93","a","e","b","f","g","g","g","g","f","f","d","c","d","b","f","a"
"94","h","h","h","g","f","f","e","e","d","d","c","c","b","b","a","a"
"95","e","g","g","h","f","g","e","e","c","c","a","b","c","b","h","b"
"96","b","f","e","g","h","h","g","f","f","d","e","b","a","a","b","a"
"97","c","g","f","h","g","g","e","d","c","b","a","b","d","b","h","b"
"98","a","d","b","e","d","g","g","h","g","f","f","d","f","b","f","a"
"99","a","c","a","e","f","g","h","h","g","f","f","d","d","b","c","a"
"100","a","e","e","g","h","h","g","g","f","d","f","b","a","b","c","b"
"101","a","c","b","d","f","g","h","h","g","g","e","e","c","b","b","a"
"102","c","g","f","h","g","h","e","f","d","c","b","b","a","b","h","b"
"103","e","g","g","h","f","g","d","d","b","b","a","b","d","b","h","b"
"104","a","f","e","g","h","h","g","f","f","e","d","c","c","b","a","a"
"105","a","e","b","f","e","g","g","g","g","f","f","c","e","b","f","a"
"106","a","c","c","d","f","g","h","h","g","g","e","e","c","b","b","a"
"107","a","e","c","f","g","h","f","g","f","e","f","b","b","a","f","b"
"108","f","g","d","f","d","g","d","h","e","e","g","b","a","a","g","a"
"109","a","e","d","g","g","h","h","g","g","e","e","c","c","b","b","a"
"110","a","e","c","f","g","g","h","g","g","e","e","c","b","b","b","a"
"111","a","c","b","d","d","g","g","h","g","g","f","e","e","b","e","a"
"112","d","g","e","h","d","g","d","e","c","b","a","b","e","b","h","b"
"113","c","h","c","f","d","f","c","g","d","c","c","a","e","b","h","b"
"114","a","d","c","f","g","h","f","g","f","f","f","c","f","b","e","a"
"115","a","f","d","g","g","h","f","f","f","c","c","b","c","b","h","b"
"116","b","g","e","h","f","h","e","e","c","b","a","b","e","b","h","b"
"117","a","g","d","h","e","g","d","e","d","b","h","b","g","b","c","b"
"118","e","h","b","f","e","g","f","g","d","c","a","b","d","b","h","b"
"119","a","e","c","f","e","h","g","g","g","e","f","c","e","b","f","a"
"120","c","f","f","h","f","h","e","f","d","c","a","b","b","b","h","b"
"121","a","c","c","e","f","g","h","h","g","g","e","d","d","b","c","a"
"122","a","d","b","e","e","g","h","h","g","f","f","d","e","b","c","a"
"123","a","e","b","f","f","g","g","g","f","f","f","c","e","b","e","a"
"124","a","e","c","f","g","g","h","g","g","f","e","c","d","b","c","a"
"125","a","d","c","e","f","g","h","h","g","f","e","d","c","b","b","a"
"126","a","d","a","e","e","g","h","h","g","g","f","d","e","b","c","a"
"127","a","e","a","e","d","g","g","h","h","g","g","d","f","b","d","a"
"128","a","f","b","f","e","g","g","g","g","e","f","c","e","b","e","a"
"129","a","c","b","d","d","e","f","g","h","h","g","f","f","c","e","a"
"130","b","b","a","d","b","g","g","h","g","g","f","e","f","b","f","a"
"131","c","h","c","f","d","h","e","e","g","b","a","b","d","b","h","b"
"132","b","f","e","g","h","h","g","g","f","e","d","c","b","b","a","a"
"133","a","c","b","e","e","g","g","h","g","g","f","d","e","b","d","a"
"134","a","f","c","f","f","g","g","g","f","e","e","c","e","b","e","a"
"135","a","e","b","f","e","g","g","h","f","f","f","d","f","b","f","a"
"136","a","e","d","f","g","h","h","g","g","e","e","c","c","b","b","a"
"137","a","d","b","f","f","h","g","g","g","e","f","c","f","b","c","a"
"138","a","f","e","g","h","h","g","f","f","e","d","c","c","b","d","a"
"139","c","f","g","g","g","h","f","f","e","c","a","b","b","b","h","b"
"140","a","c","b","e","e","g","h","h","h","g","f","d","d","b","b","a"
"141","h","h","g","g","f","f","d","e","b","d","b","c","b","b","d","a"
"142","a","g","f","h","g","h","g","e","g","b","b","b","a","b","g","b"
"143","c","h","a","e","d","h","e","g","f","d","c","b","c","b","h","b"
"144","e","g","a","e","c","f","f","h","f","e","f","b","b","b","h","b"
"145","a","d","b","f","f","h","f","g","e","e","e","c","e","a","h","a"
"146","a","d","a","e","d","g","g","h","g","g","g","d","f","b","e","a"
"147","a","e","d","f","h","h","h","g","f","f","d","c","c","b","b","a"
"148","b","e","a","e","c","g","g","h","h","g","g","d","e","b","d","a"
"149","b","d","a","e","d","g","g","h","h","g","f","d","e","b","d","a"
"150","c","e","f","g","h","h","f","g","e","e","e","c","c","a","a","a"
"151","a","d","b","f","e","h","f","g","f","f","f","c","g","b","f","a"
"152","a","e","c","g","f","h","d","g","d","e","d","c","g","a","h","a"
"153","a","a","b","c","d","f","f","g","h","h","g","f","e","c","e","a"
"154","a","e","c","g","f","h","f","g","e","d","d","b","d","b","h","b"
"155","a","f","f","g","g","h","f","f","e","d","d","b","a","a","g","b"
"156","b","c","a","d","f","g","h","h","g","g","d","d","c","b","e","a"
"157","a","c","a","d","d","f","g","h","h","g","g","e","e","b","d","a"
"158","a","d","b","e","e","g","h","h","g","g","f","d","d","b","c","a"
"159","a","c","b","e","e","g","g","h","g","g","f","e","e","b","d","a"
"160","c","f","f","g","g","h","g","f","f","d","f","b","c","a","a","a"
"161","b","e","d","g","e","h","e","f","e","c","b","b","b","b","h","b"
"162","b","g","f","h","f","h","f","f","e","c","b","b","b","b","h","b"
"163","a","e","c","f","f","g","h","g","g","f","f","c","c","b","b","a"
"164","a","d","b","f","f","g","g","h","f","f","e","d","e","b","e","a"
"165","a","d","c","f","f","h","h","g","g","f","e","c","c","b","b","a"
"166","a","e","c","f","g","g","h","g","g","f","e","c","c","b","b","a"
"167","a","b","d","d","g","f","h","h","g","g","d","e","b","b","b","a"
"168","a","d","c","e","f","g","h","h","g","g","e","d","c","b","b","a"
"169","b","g","b","e","d","h","d","h","f","d","c","a","c","b","h","b"
"170","a","d","b","e","e","g","h","h","h","g","f","d","d","b","c","a"
"171","a","c","b","e","e","g","g","h","h","g","f","e","d","b","c","a"
"172","c","e","f","g","h","h","g","g","e","e","c","c","b","b","a","a"
"173","a","c","b","d","e","f","g","h","g","g","f","e","e","b","e","a"
"174","a","c","b","e","f","g","h","h","g","g","f","d","d","b","d","a"
"175","b","d","c","g","e","h","d","g","d","c","b","b","d","b","h","b"
"176","a","e","a","d","d","f","f","h","g","g","f","d","f","b","f","a"
"177","c","f","d","h","e","h","e","e","d","b","a","b","e","b","h","b"
"178","a","e","c","f","g","g","h","g","g","e","e","c","b","b","c","a"
"179","b","f","f","h","f","h","e","d","c","b","a","b","e","b","h","b"
"180","a","e","c","f","e","g","g","g","f","f","f","d","f","b","f","a"
"181","c","f","e","h","f","h","e","e","d","b","a","b","d","b","h","b"
"182","d","d","c","f","g","g","h","g","g","f","d","d","b","b","b","a"
"183","b","e","f","g","h","h","g","g","f","e","e","c","b","b","a","a"
"184","a","e","d","f","g","g","h","g","g","f","e","d","c","b","b","a"
"185","a","e","c","f","g","g","g","g","f","e","f","c","e","b","e","a"
"186","a","c","d","e","f","g","h","h","g","g","e","d","c","b","a","a"
"187","e","f","g","h","f","h","e","e","c","b","a","b","c","b","g","b"
"188","d","g","a","e","g","g","h","g","g","e","e","c","c","b","a","a"
"189","a","f","c","h","f","h","f","f","e","b","b","b","f","b","h","b"
"190","c","g","c","f","d","h","d","f","e","b","a","b","e","b","h","b"
"191","a","b","b","e","e","g","g","h","g","g","f","d","e","b","e","a"
"192","a","d","b","f","f","g","h","h","g","f","f","d","d","b","d","a"
"193","a","e","b","f","f","g","g","g","g","e","f","c","e","b","e","a"
"194","a","d","c","e","f","g","h","h","g","g","f","d","d","b","b","a"
"195","c","f","d","h","d","h","d","e","d","c","a","b","e","b","h","b"
"196","b","g","c","e","d","h","d","g","e","c","b","b","f","b","h","b"
"197","b","f","d","h","d","h","d","e","c","b","b","b","g","b","h","b"
"198","a","e","b","g","d","h","e","g","e","e","f","c","g","a","g","a"
"199","a","c","b","e","e","g","f","h","e","f","e","d","f","b","h","a"
"200","a","d","c","f","g","g","h","h","g","f","e","d","c","b","b","a"
"201","a","g","d","h","e","g","e","f","e","d","f","c","f","b","h","a"
"202","a","d","b","f","g","g","h","h","g","f","e","d","c","b","e","a"
"203","a","d","c","e","f","g","h","h","g","f","f","d","d","b","b","a"
"204","c","f","f","g","h","g","g","f","e","e","d","c","b","b","a","a"
"205","a","f","c","g","h","h","g","g","f","e","e","c","c","b","c","a"
"206","c","f","g","g","g","h","f","f","e","c","c","b","a","b","e","b"
"207","b","f","e","h","g","h","f","f","d","c","a","b","c","b","h","b"
"208","a","d","b","e","e","g","g","h","g","f","f","d","e","b","e","a"
"209","b","e","e","g","g","h","g","g","f","e","f","c","d","a","a","a"
"210","a","d","b","f","g","g","h","h","g","f","d","d","c","b","c","a"
"211","b","g","d","h","e","h","e","e","d","c","a","b","e","b","h","b"
"212","a","e","c","f","f","g","h","h","g","f","e","d","c","b","b","a"
"213","b","d","d","f","g","g","h","g","g","f","d","d","b","b","b","a"
"214","b","g","e","h","e","g","d","d","h","b","h","b","b","b","a","b"
"215","c","f","d","g","h","h","h","g","f","e","c","c","b","b","a","a"
"216","c","f","f","g","h","h","g","f","f","d","e","b","a","a","a","b"
"217","a","e","e","g","h","h","h","g","f","e","d","c","b","b","b","a"
"218","a","e","b","f","e","g","h","h","g","f","f","d","e","b","d","a"
"219","b","f","f","g","h","h","g","g","f","d","f","b","b","a","a","a"
"220","a","c","c","e","f","f","h","h","g","g","f","e","d","b","b","a"
"221","a","e","d","g","g","h","f","f","f","c","a","b","c","b","h","b"
"222","a","e","c","f","f","h","f","g","f","e","f","c","f","b","g","a"
"223","a","f","d","g","h","h","g","f","e","e","c","c","b","b","f","a"
"224","a","f","d","h","f","h","f","f","f","b","a","b","c","b","h","b"
"225","b","f","b","g","f","h","e","f","e","c","b","b","c","b","h","b"
"226","a","a","e","c","g","f","f","h","e","h","e","f","e","c","e","a"
"227","a","d","b","f","f","h","d","g","d","e","e","c","f","a","h","a"
"228","a","d","c","e","f","g","h","h","g","f","f","d","d","b","c","a"
"229","d","g","g","h","e","g","d","c","b","b","a","b","e","b","h","b"
"230","h","h","f","g","d","f","d","e","c","d","c","c","b","b","c","a"
"231","c","f","f","h","g","h","e","e","c","b","a","b","d","b","h","b"
"232","a","d","b","e","e","g","f","h","f","f","f","d","f","b","f","a"
"233","b","f","f","g","g","h","g","f","e","d","c","b","a","a","f","a"
"234","b","f","e","g","e","h","e","f","d","c","a","b","e","b","h","b"
"235","a","e","b","e","e","g","h","h","g","f","f","d","d","b","c","a"
"236","d","f","g","h","f","g","e","d","b","b","a","b","d","b","h","b"
"237","c","f","f","h","f","h","e","f","d","c","a","b","d","b","h","b"
"238","a","f","e","h","g","h","f","e","f","b","b","b","a","b","h","b"
"239","a","e","d","g","h","h","h","g","f","e","d","c","b","b","c","a"
"240","d","g","c","e","e","h","d","g","f","c","a","b","c","b","h","b"
"241","c","g","f","h","g","h","e","e","d","b","a","b","d","b","h","b"
"242","a","g","f","h","g","h","g","e","g","c","c","b","a","b","f","b"
"243","a","f","f","g","g","h","f","f","f","d","f","b","a","a","b","a"
"244","a","f","d","g","h","h","g","g","f","e","d","c","c","b","c","a"
"245","a","d","b","f","d","g","f","g","f","f","f","d","f","b","g","a"
"246","a","c","b","e","f","f","h","h","g","g","f","e","d","b","c","a"
"247","a","d","d","f","g","h","g","g","f","f","f","c","e","a","a","a"
"248","b","h","f","h","f","g","e","d","c","b","a","b","e","b","h","b"
"249","a","c","a","e","e","g","h","h","g","f","e","d","d","b","e","a"
"250","d","g","g","h","g","g","f","d","d","b","a","b","b","b","g","b"
"251","a","c","c","e","f","g","h","h","g","g","e","d","c","b","d","a"
"252","a","f","d","h","g","h","f","e","g","b","b","b","b","b","h","b"
"253","h","h","h","g","g","g","e","e","d","d","b","c","a","b","b","a"
"254","g","h","h","g","g","f","e","e","d","d","c","c","a","b","a","a"
"255","b","d","e","f","h","g","h","h","f","f","d","d","b","b","a","a"
"256","d","e","f","g","h","h","g","g","e","e","c","c","b","b","a","a"
"257","c","e","f","g","h","h","g","g","e","e","b","c","a","b","c","a"
"258","a","d","b","e","f","g","h","h","g","f","f","d","e","b","d","a"
"259","a","f","f","h","g","h","g","f","f","c","b","b","a","b","g","b"
"260","a","d","c","f","f","g","h","h","g","f","f","d","d","b","c","a"
"261","a","e","d","g","h","h","g","g","f","e","e","c","e","b","d","a"
"262","a","d","c","f","g","h","f","g","e","e","e","c","f","a","f","a"
"263","a","e","d","g","f","h","e","f","e","d","c","a","b","b","h","b"
"264","a","b","b","d","f","f","h","h","g","h","f","e","d","c","c","a"
"265","a","d","c","e","f","g","h","h","g","f","e","d","d","b","c","a"
"266","a","b","b","d","e","g","h","h","g","g","f","e","d","b","d","a"
"267","c","b","b","c","f","f","h","h","h","h","e","e","c","c","a","a"
"268","e","f","g","h","f","g","e","e","c","c","a","b","b","b","g","b"
"269","a","b","d","d","g","f","h","h","g","g","f","e","c","b","a","a"
"270","c","g","f","h","f","g","e","d","c","b","a","b","d","b","h","b"
"271","c","g","g","h","f","h","f","e","f","c","a","b","a","b","g","b"
"272","a","b","b","c","e","f","g","h","g","h","e","f","e","c","f","a"
"273","g","h","g","h","g","g","f","e","e","d","c","c","b","b","a","a"
"274","b","f","e","h","e","h","e","f","f","c","a","b","c","b","h","b"
"275","a","c","c","e","f","g","h","h","g","g","e","d","d","b","c","a"
"276","a","d","b","e","e","g","g","h","g","g","f","d","e","b","e","a"
"277","a","f","a","e","d","g","g","h","f","f","f","d","f","b","g","a"
"278","d","g","g","h","f","g","e","d","b","b","a","b","d","b","h","b"
"279","b","e","d","g","h","h","g","g","f","e","d","c","b","b","b","a"
"280","c","f","e","h","e","h","d","e","d","c","a","b","e","b","h","b"
"281","a","e","b","f","e","g","g","g","f","f","f","c","f","b","f","a"
"282","a","e","c","f","f","g","h","g","g","f","f","c","d","b","b","a"
"283","a","b","b","d","e","g","h","h","g","g","f","e","d","b","c","a"
"284","a","d","b","f","d","g","g","h","g","g","f","d","e","b","e","a"
"285","a","e","b","e","e","f","g","h","g","g","f","d","e","b","c","a"
"286","a","e","b","e","e","g","g","h","g","f","f","d","e","b","f","a"
"287","c","g","g","h","g","g","e","e","d","b","a","b","b","b","h","b"
"288","d","g","g","h","f","g","e","d","c","b","a","b","d","b","h","b"
"289","a","e","b","f","f","g","h","h","g","f","e","d","d","b","c","a"
"290","a","e","b","f","g","g","h","g","g","f","e","c","c","b","c","a"
"291","a","d","d","f","g","h","d","g","c","e","d","c","f","b","h","a"
"292","a","g","d","g","f","h","e","e","e","b","h","b","e","b","b","b"
"293","a","c","b","d","d","g","g","h","g","g","f","e","e","b","e","a"
"294","a","c","b","e","e","g","h","h","g","g","f","d","e","b","e","a"
"295","b","g","e","h","f","h","d","e","c","b","a","b","f","b","h","b"
"296","a","d","a","f","d","g","g","h","f","f","f","d","f","b","g","a"
"297","a","a","a","c","c","e","f","g","g","h","g","g","f","d","f","b"
"298","a","e","b","f","e","h","g","g","f","e","f","c","f","b","f","a"
"299","a","d","c","e","g","g","g","h","f","f","e","d","d","b","e","a"
"300","a","c","b","e","f","f","h","h","g","g","f","e","d","b","c","a"
"301","a","e","b","f","f","g","h","g","g","f","f","c","e","b","d","a"
"302","a","d","a","e","d","g","g","h","h","g","g","d","e","b","d","a"
"303","e","f","h","g","h","h","f","f","d","e","b","c","b","b","a","a"
"304","a","c","c","e","f","g","h","h","g","g","e","d","c","b","b","a"
"305","b","e","e","f","g","h","g","g","f","e","e","c","d","a","a","a"
"306","a","b","b","d","e","f","g","h","h","g","f","e","d","b","d","a"
"307","a","c","b","e","d","g","g","h","g","g","g","d","f","b","e","a"
"308","a","c","b","e","e","g","e","h","f","f","f","d","f","b","g","a"
"309","a","e","d","g","g","h","f","g","e","e","e","c","d","b","g","a"
"310","d","f","b","f","h","g","h","g","f","e","d","c","b","b","a","a"
"311","a","e","b","f","e","g","f","h","e","f","d","c","e","b","h","a"
"312","a","b","b","d","f","f","h","h","h","g","f","e","d","c","b","a"
"313","b","e","c","g","h","h","h","g","g","e","d","c","b","b","b","a"
"314","a","d","b","f","e","g","g","g","g","f","f","d","e","b","f","a"
"315","g","h","g","g","g","g","f","e","d","d","b","c","b","b","a","a"
"316","a","c","b","e","e","g","h","h","h","g","f","d","d","b","b","a"
"317","b","g","f","h","f","g","e","e","d","b","a","b","e","b","h","b"
"318","a","c","b","e","e","g","g","h","g","g","f","d","e","b","c","a"
"319","a","c","c","e","f","g","h","h","g","f","f","d","d","b","b","a"
"320","a","d","b","f","e","g","g","h","g","f","f","d","e","b","e","a"
"321","a","c","a","e","d","f","g","h","h","g","g","e","e","b","d","a"
"322","a","g","d","h","f","h","e","f","e","c","a","b","c","b","h","b"
"323","c","e","f","f","h","h","g","g","f","e","c","c","b","b","a","a"
"324","a","e","b","f","e","g","g","h","g","f","f","c","f","b","e","a"
"325","a","c","b","e","d","g","f","h","f","f","f","d","f","b","f","a"
"326","a","b","a","d","d","f","g","h","g","h","f","e","f","c","e","a"
"327","b","f","d","h","e","h","e","f","d","c","a","b","f","b","h","b"
"328","a","g","d","h","g","h","f","e","e","b","b","b","e","b","h","b"
"329","a","d","b","f","e","g","g","h","g","f","f","d","f","b","f","a"
"330","a","e","d","g","f","h","e","f","e","c","b","b","c","b","h","b"
"331","d","g","g","h","f","g","e","e","c","c","a","b","c","b","h","b"
"332","d","h","h","g","g","f","g","e","e","d","c","c","b","b","a","a"
"333","a","d","b","e","e","g","h","h","g","f","f","d","d","b","c","a"
"334","a","e","c","f","g","h","f","g","e","e","e","c","e","a","f","a"
"335","a","e","b","e","e","g","g","h","g","f","f","d","e","b","e","a"
"336","b","c","d","e","g","g","h","h","g","g","e","d","c","b","a","a"
"337","a","f","b","f","g","g","g","g","f","e","e","c","d","b","d","a"
"338","a","b","c","d","f","f","h","h","g","g","f","e","d","c","b","a"
"339","a","d","b","f","e","g","g","h","g","f","f","d","e","b","e","a"
"340","a","e","c","g","g","h","e","g","e","e","f","c","g","a","g","a"
"341","a","c","c","e","g","g","h","h","f","g","d","d","d","b","e","a"
"342","b","g","a","e","c","f","f","h","g","d","f","a","c","b","h","b"
"343","a","e","b","f","f","g","h","g","g","f","f","c","d","b","c","a"
"344","a","d","b","f","f","g","h","h","g","f","e","d","d","b","c","a"
"345","a","e","c","f","g","h","f","g","e","e","d","b","c","b","h","a"
"346","b","f","c","h","d","g","e","e","e","b","a","b","f","b","h","b"
"347","b","g","f","h","g","h","g","e","g","c","b","b","a","b","g","b"
"348","a","d","a","e","d","g","g","h","g","g","f","d","e","b","e","a"
"349","a","f","d","g","g","h","h","g","g","e","e","c","c","b","b","a"
"350","a","f","c","f","g","h","f","g","f","e","e","c","e","b","f","a"
"351","a","b","a","d","d","f","g","h","h","h","g","f","e","c","c","a"
"352","a","b","b","d","e","f","h","h","g","g","f","e","d","c","c","a"
"353","e","f","h","g","g","h","e","f","e","c","a","b","a","b","g","b"
"354","a","d","d","g","g","h","f","f","f","c","c","b","a","b","g","b"
"355","c","f","e","h","g","h","e","e","d","c","a","b","d","b","h","b"
"356","b","f","e","g","h","h","g","g","f","e","d","c","b","b","a","a"
"357","a","c","a","e","e","g","h","h","g","g","f","d","e","b","f","a"
"358","a","c","b","e","d","f","f","h","h","g","g","e","f","b","e","a"
"359","b","g","f","h","f","g","e","d","c","b","a","b","e","b","h","c"
"360","c","f","g","g","h","h","f","f","e","d","e","b","b","a","a","a"
"361","b","f","e","h","f","h","e","f","e","c","a","b","e","b","h","b"
"362","a","d","d","e","g","g","h","h","g","g","e","d","c","b","b","a"
"363","a","c","b","d","c","e","e","g","g","h","g","g","f","c","f","a"
"364","a","f","c","f","g","g","h","g","g","f","f","c","d","b","b","a"
"365","a","b","b","d","e","f","h","h","g","g","f","e","d","b","b","a"
"366","a","d","c","f","e","h","d","h","d","f","e","c","g","a","h","a"
"367","d","f","g","g","h","g","f","f","c","e","b","c","a","b","c","a"
"368","a","e","b","e","e","f","g","g","g","g","f","d","e","b","f","a"
"369","b","f","f","h","f","h","e","f","d","c","a","b","b","b","h","b"
"370","d","f","e","f","h","h","g","g","e","e","c","c","b","b","a","a"
"371","b","e","e","g","h","h","g","g","e","e","c","c","b","b","b","a"
"372","a","c","b","d","d","f","g","h","g","h","g","e","f","b","e","a"
"373","e","h","b","e","c","g","c","g","e","d","c","a","e","b","h","b"
"374","b","g","e","h","e","g","d","e","e","b","h","b","e","b","a","b"
"375","a","b","b","d","d","f","g","h","h","h","g","e","e","c","d","a"
"376","a","d","d","f","g","h","h","g","g","f","e","d","c","b","a","a"
"377","a","e","d","f","h","h","h","g","f","e","d","c","b","b","b","a"
"378","c","d","d","f","h","g","h","h","f","f","d","d","b","b","a","a"
"379","b","g","b","e","d","h","d","f","g","c","b","b","e","b","h","b"
"380","a","d","b","f","f","g","g","h","g","f","f","d","e","b","e","a"
"381","a","d","b","e","d","g","g","h","g","g","f","d","f","b","f","a"
"382","a","d","b","e","f","g","h","h","g","f","e","d","d","b","c","a"
"383","a","e","b","f","e","g","g","h","g","f","f","d","e","b","e","a"
"384","a","f","b","g","d","h","e","f","e","e","f","c","g","b","h","a"
"385","a","e","b","f","f","g","h","g","f","f","e","c","e","b","e","a"
"386","a","e","d","f","g","h","g","g","f","e","f","c","e","a","a","a"
"387","a","e","c","f","g","g","h","g","g","f","e","c","c","b","b","a"
"388","a","d","c","f","h","g","h","g","f","f","d","d","c","b","d","a"
"389","a","c","c","e","f","g","h","h","g","f","e","d","c","b","b","a"
"390","h","g","g","h","e","g","d","f","c","d","c","c","b","b","b","a"
"391","a","d","b","d","e","f","g","h","g","g","f","e","d","b","e","a"
"392","a","c","d","e","g","g","h","h","f","f","d","d","c","b","b","a"
"393","a","c","b","e","d","g","g","h","h","g","g","d","e","b","c","a"
"394","b","d","f","f","h","h","h","g","f","f","d","c","b","b","b","a"
"395","a","d","b","f","d","g","f","h","f","f","f","d","f","b","g","a"
"396","a","c","a","e","d","g","h","h","g","f","g","d","e","b","d","a"
"397","b","f","g","h","g","h","f","f","d","c","a","b","a","b","h","b"
"398","a","f","c","f","f","h","g","g","f","e","f","c","e","a","e","a"
"399","c","h","c","f","c","h","c","e","d","b","b","b","f","b","h","c"
"400","a","c","d","e","g","g","h","h","g","f","e","d","b","b","b","a"
"401","a","c","c","e","f","g","h","h","g","f","e","d","c","b","b","a"
"402","a","c","b","e","e","g","h","h","g","g","f","d","d","b","c","a"
"403","b","f","d","h","e","h","e","d","c","b","a","b","f","b","h","c"
"404","a","d","b","e","f","g","h","h","g","f","e","d","c","b","b","a"
"405","b","f","f","h","f","h","f","f","f","c","b","b","a","b","h","b"
"406","a","c","b","e","f","g","h","h","g","f","f","d","d","b","c","a"
"407","a","c","c","e","f","g","h","h","g","g","f","d","e","b","d","a"
"408","a","c","d","e","g","g","h","h","g","f","d","d","b","b","a","a"
"409","a","e","b","f","f","h","f","g","f","d","e","b","b","b","h","b"
"410","a","e","b","e","d","g","g","h","g","f","f","d","f","b","f","a"
"411","f","h","h","g","g","g","f","e","d","d","b","c","a","b","a","a"
"412","a","c","a","e","d","g","g","h","g","g","f","d","f","b","g","a"
"413","a","d","b","e","e","g","h","h","g","f","f","d","d","b","d","a"
"414","a","c","b","e","e","g","h","h","g","f","f","d","d","b","b","a"
"415","c","g","e","h","f","g","f","d","g","b","h","b","c","b","a","c"
"416","a","e","b","e","d","g","g","h","g","f","f","d","f","b","e","a"
"417","a","c","b","e","d","g","g","h","g","f","f","d","f","b","f","a"
"418","a","f","c","g","h","h","g","g","f","e","e","c","c","a","d","a"
"419","b","f","e","h","f","h","e","e","c","b","a","b","e","b","h","b"
"420","a","f","c","g","g","g","g","g","f","e","e","c","e","b","d","a"
"421","a","e","d","f","g","g","h","g","g","f","e","d","c","b","c","a"
"422","b","e","e","g","h","h","g","g","e","d","c","a","a","b","f","b"
"423","a","c","b","d","d","f","g","h","g","g","g","e","e","b","d","a"
"424","a","d","b","e","e","f","h","h","h","g","f","e","d","b","c","a"
"425","a","d","b","f","e","g","h","h","g","f","f","d","e","b","d","a"
"426","a","d","b","f","e","g","g","h","g","f","f","d","e","b","f","a"
"427","a","d","e","f","h","h","g","g","e","f","c","d","b","b","e","a"
"428","b","e","d","f","h","h","h","g","f","e","d","c","b","b","b","a"
"429","a","c","b","f","e","g","g","h","f","f","f","d","g","b","e","a"
"430","a","c","b","e","c","g","f","h","f","f","f","d","f","b","h","a"
"431","a","c","b","e","e","g","h","h","h","g","f","d","d","b","b","a"
"432","c","g","f","h","f","g","d","d","b","b","a","b","e","b","h","b"
"433","a","e","c","g","g","h","e","g","e","d","e","b","a","b","h","b"
"434","a","d","b","e","d","g","g","h","h","g","g","d","e","b","d","a"
"435","a","c","b","d","d","e","g","g","h","h","g","f","e","c","d","a"
"436","a","f","d","f","g","h","h","g","g","e","e","c","c","b","b","a"
"437","a","b","b","d","e","f","h","h","h","g","f","e","d","c","b","a"
"438","a","f","d","g","h","h","f","f","e","e","d","c","d","b","g","a"
"439","a","f","c","f","g","g","g","g","f","e","e","c","d","a","d","a"
"440","b","g","d","h","d","g","d","e","c","b","b","b","f","b","h","b"
"441","a","c","b","f","f","g","h","h","g","f","e","d","d","b","c","a"
"442","b","e","e","f","h","h","h","g","f","e","c","c","b","b","a","a"
"443","a","e","c","e","f","g","h","h","g","f","e","d","c","b","b","a"
"444","a","e","b","e","f","g","h","h","g","f","f","d","e","b","d","a"
"445","a","c","b","e","e","g","h","h","g","g","f","d","d","b","c","a"
"446","a","e","b","f","e","g","g","h","f","f","f","d","f","b","f","a"
"447","f","e","c","g","h","h","h","g","f","e","c","c","b","b","a","a"
"448","a","c","a","d","d","f","f","h","h","g","g","e","e","b","e","a"
"449","a","d","b","e","e","g","g","h","g","f","f","d","e","b","e","a"
"450","a","c","b","e","d","g","g","h","g","g","f","d","e","b","f","a"
"451","a","d","b","e","e","g","h","h","h","g","f","d","e","b","c","a"
"452","a","e","e","g","h","h","g","g","f","e","f","c","d","a","a","a"
"453","b","f","f","h","g","h","f","f","f","c","a","b","a","b","g","b"
"454","a","e","b","e","e","f","g","g","g","g","f","d","e","b","d","a"
"455","a","f","e","h","f","h","c","e","f","b","h","b","e","b","b","b"
"456","b","f","e","g","g","h","f","f","d","c","a","b","c","b","h","b"
"457","a","b","b","d","f","g","h","h","g","g","f","e","d","b","c","a"
"458","a","e","b","f","e","g","g","g","g","f","e","c","e","b","f","a"
"459","h","h","g","g","e","g","d","e","c","d","c","c","b","b","b","a"
"460","a","d","b","e","e","g","g","h","f","f","f","d","f","b","f","a"
"461","b","c","e","e","g","g","h","h","f","f","d","d","b","b","a","a"
"462","a","d","c","f","f","h","f","g","d","e","c","b","c","a","h","b"
"463","a","b","c","d","f","f","h","h","g","g","f","e","d","b","d","a"
"464","c","g","g","h","f","g","e","d","c","b","a","b","d","b","h","c"
"465","a","a","b","c","c","e","e","g","g","h","g","f","f","d","f","a"
"466","a","f","e","h","g","h","f","f","f","b","b","b","b","b","h","b"
"467","c","g","f","h","f","g","e","d","c","b","a","b","d","b","h","b"
"468","a","c","c","d","f","g","h","h","g","g","f","d","d","b","b","a"
"469","a","c","b","e","d","g","g","h","g","f","g","d","f","b","e","a"
"470","a","c","d","e","g","g","g","h","f","f","e","d","d","b","d","a"
"471","a","c","c","e","f","g","h","h","g","g","e","d","c","b","b","a"
"472","a","e","b","f","g","g","h","g","f","e","e","c","d","b","c","a"
"473","a","f","d","h","f","h","f","f","g","b","b","b","b","b","h","b"
"474","a","d","c","e","e","g","h","h","g","f","f","d","e","b","c","a"
"475","a","d","a","e","d","g","g","h","h","g","g","d","e","b","d","a"
"476","a","b","b","c","e","f","g","h","h","h","f","f","e","c","c","a"
"477","c","g","g","h","f","g","d","c","c","b","a","b","d","b","h","c"
"478","a","c","b","e","e","g","g","h","g","g","f","d","e","b","d","a"
"479","b","f","f","g","g","h","g","f","f","c","c","b","a","b","f","b"
"480","a","e","f","g","g","h","d","g","c","e","c","c","c","a","h","a"
"481","a","e","d","g","g","h","f","f","f","c","b","b","b","b","h","b"
"482","a","g","f","h","f","g","f","e","f","c","b","b","a","b","h","b"
"483","a","e","d","f","g","g","h","g","f","e","e","c","c","b","b","a"
"484","b","g","f","h","e","g","e","e","d","c","a","b","d","b","h","b"
"485","a","d","b","f","e","g","h","h","g","f","e","d","d","b","e","a"
"486","b","d","e","g","g","h","f","g","f","d","f","b","a","b","f","b"
"487","a","c","b","e","d","g","g","h","g","g","g","d","f","b","e","a"
"488","f","e","f","g","h","h","g","g","e","e","c","c","a","b","a","a"
"489","a","d","c","f","g","h","f","g","e","e","e","c","f","a","g","a"
"490","a","d","b","e","e","g","g","h","f","f","e","d","f","b","g","a"
"491","c","h","e","g","c","h","d","e","e","b","a","b","e","b","h","c"
"492","e","h","c","g","e","e","c","g","d","d","b","b","c","a","h","b"
"493","c","g","g","h","f","g","d","c","b","b","a","b","e","b","h","c"
"494","a","b","b","d","c","f","f","g","g","h","g","f","f","c","f","a"
"495","a","e","b","f","f","g","g","g","f","e","f","c","e","b","f","a"
"496","b","e","d","f","h","h","h","g","f","e","d","c","b","b","b","a"
"497","a","c","e","e","g","g","f","h","e","f","d","d","d","b","f","a"
"498","a","d","b","e","f","g","h","h","g","f","e","d","d","b","d","a"
"499","h","h","c","g","c","f","c","e","c","d","c","c","f","b","f","a"
"500","a","e","b","f","f","h","f","g","f","e","f","c","f","b","f","a"
"501","a","f","d","g","g","h","g","g","f","e","e","c","d","b","e","a"
"502","d","g","g","h","f","g","e","d","d","b","a","b","c","b","h","b"
"503","a","d","b","e","f","g","h","h","g","g","e","d","c","b","c","a"
"504","b","d","e","f","h","h","g","g","f","f","d","c","b","b","a","a"
"505","c","f","e","h","f","h","e","e","h","b","g","b","b","b","a","b"
"506","a","f","b","f","f","g","g","g","g","e","f","c","e","a","e","a"
"507","a","f","b","f","e","g","h","g","g","f","f","c","e","b","d","a"
"508","a","f","c","f","f","h","g","g","f","e","e","c","e","b","f","a"
"509","d","g","e","h","e","g","d","e","d","b","a","b","c","b","h","b"
"510","a","c","a","e","d","g","h","h","g","f","e","d","e","b","e","a"
"511","a","d","b","f","g","g","h","h","g","f","e","d","d","b","d","a"
"512","a","f","c","g","g","h","f","f","f","c","c","b","c","b","h","b"
"513","a","e","c","g","g","h","f","g","e","e","e","c","d","a","g","a"
"514","a","c","b","e","e","g","h","h","g","f","e","d","e","b","f","a"
"515","a","c","c","d","f","g","g","h","g","g","f","d","e","b","d","a"
"516","a","c","a","e","d","g","g","h","g","g","f","d","e","b","g","a"
"517","a","e","c","f","g","h","g","g","g","f","f","c","d","b","b","a"
"518","c","d","b","e","f","g","h","h","g","f","e","d","b","b","a","a"
"519","a","d","c","f","g","g","h","h","f","f","d","d","c","b","c","a"
"520","a","e","d","g","h","h","g","g","e","e","c","c","b","b","e","a"
"521","a","e","c","f","f","h","f","g","e","f","e","c","e","b","g","a"
"522","a","g","e","h","f","h","e","e","e","b","h","b","e","b","a","b"
"523","a","g","d","h","f","h","e","e","e","b","b","b","e","b","h","b"
"524","a","f","d","f","g","h","h","g","g","e","e","c","c","b","a","a"
"525","a","e","b","f","e","g","g","g","f","f","f","c","e","b","f","a"
"526","a","d","b","f","d","h","e","g","e","f","f","c","g","b","h","a"
"527","b","h","b","f","d","f","d","g","f","d","e","a","b","b","h","b"
"528","f","g","h","h","g","g","f","e","d","d","b","c","b","b","a","a"
"529","a","d","b","f","d","g","g","g","h","g","f","d","e","b","e","a"
"530","a","e","e","g","h","h","g","g","f","e","f","c","d","a","a","a"
"531","a","c","b","e","d","g","f","h","g","g","f","d","f","b","f","a"
"532","a","f","c","g","g","h","f","f","f","d","c","b","b","b","h","b"
"533","f","h","f","g","h","f","f","e","d","d","b","c","b","b","b","a"
"534","a","f","f","g","g","h","f","f","f","d","e","c","c","a","e","a"
"535","c","e","f","g","h","h","g","g","f","e","d","c","b","b","a","a"
"536","a","e","b","g","d","h","d","g","e","e","e","c","f","a","h","a"
"537","a","e","c","g","h","h","h","g","f","e","d","c","b","b","b","a"
"538","a","c","b","e","e","g","g","h","g","g","f","d","f","b","e","a"
"539","a","c","b","e","e","g","h","h","g","g","f","d","e","b","d","a"
"540","a","g","d","g","f","h","e","e","f","b","h","b","e","b","b","b"
"541","h","h","b","g","b","f","c","e","d","d","d","c","f","b","g","a"
"542","a","g","d","h","e","h","e","e","d","b","a","b","f","b","h","b"
"543","a","d","b","e","d","g","g","h","h","g","f","d","d","b","c","a"
"544","b","d","d","f","g","h","h","g","g","f","d","c","b","a","a","a"
"545","b","e","e","g","h","h","f","g","f","e","e","c","d","a","a","a"
"546","a","e","b","f","e","g","g","h","g","f","f","d","e","b","e","a"
"547","c","g","f","h","f","g","e","d","c","b","a","b","e","b","h","b"
"548","a","d","b","f","d","g","g","h","g","f","g","d","e","b","d","a"
"549","a","c","b","e","e","g","g","h","h","g","f","e","e","b","c","a"
"550","a","d","c","f","g","g","h","h","g","f","e","d","d","b","d","a"
"551","a","e","b","f","f","g","h","g","g","f","e","d","d","b","d","a"
"552","a","c","b","e","c","g","e","h","f","f","f","d","f","b","h","a"
"553","d","f","g","h","g","h","f","f","e","c","a","b","a","b","f","b"
"554","a","e","b","f","e","g","g","g","f","e","f","c","f","b","f","a"
"555","a","f","d","g","f","h","e","f","e","d","e","b","f","a","g","a"
"556","a","e","c","g","h","h","g","g","f","e","e","c","d","b","e","a"
"557","a","e","c","g","g","h","e","g","e","e","e","c","f","a","g","a"
"558","b","e","e","f","h","h","f","g","d","e","c","c","c","b","b","a"
"559","b","e","c","f","h","h","h","g","f","e","d","c","b","b","d","a"
"560","d","e","g","g","g","h","f","f","f","c","b","b","a","b","d","b"
"561","a","g","d","h","f","h","e","e","g","b","h","c","d","b","b","b"
"562","a","b","b","e","d","g","g","h","g","g","f","e","e","b","e","a"
"563","a","d","b","f","e","g","f","h","e","f","e","c","f","a","h","a"
"564","a","c","b","e","d","g","g","h","g","g","f","e","f","b","e","a"
"565","c","h","b","e","e","g","e","g","e","c","b","b","d","b","h","b"
"566","a","d","c","e","f","g","h","h","g","f","e","d","e","b","d","a"
"567","c","e","d","g","d","h","d","f","d","c","a","b","e","b","h","b"
"568","c","f","g","h","g","h","f","f","e","c","a","b","a","b","g","b"
"569","a","d","c","f","g","g","h","g","g","f","e","d","c","b","b","a"
"570","a","b","b","d","e","f","h","h","h","g","f","e","d","b","c","a"
"571","a","c","c","e","g","g","h","h","g","f","e","d","c","b","b","a"
"572","b","f","e","h","e","h","e","e","c","b","a","b","e","b","h","b"
"573","b","e","e","f","h","h","h","g","f","e","d","c","b","b","a","a"
"574","a","c","b","e","f","g","h","h","g","g","f","d","d","b","d","a"
"575","a","f","e","f","f","h","e","f","e","c","h","b","e","b","a","b"
"576","b","f","d","h","g","h","f","f","d","c","a","b","b","b","h","b"
"577","a","d","c","e","g","g","h","h","g","f","e","d","c","b","b","a"
"578","a","e","b","f","f","g","h","g","f","f","e","c","e","b","e","a"
"579","d","g","g","h","f","g","e","d","b","b","a","b","d","b","h","c"
"580","b","d","f","f","h","h","g","g","f","f","d","d","b","b","b","a"
"581","c","f","e","h","d","h","d","e","c","b","a","b","f","b","h","b"
"582","h","h","g","g","e","f","d","e","b","d","b","c","b","b","b","a"
"583","a","c","c","e","f","g","h","h","g","g","e","d","d","b","b","a"
"584","h","h","g","g","f","f","d","e","c","d","b","c","b","b","b","a"
"585","a","d","a","e","e","g","h","h","g","f","f","d","d","b","c","a"
"586","a","f","d","h","g","h","f","f","e","c","a","b","d","b","h","b"
"587","c","h","b","e","f","h","d","g","e","d","c","b","c","b","h","b"
"588","a","e","b","f","e","g","h","h","g","f","f","d","e","b","e","a"
"589","a","e","c","f","g","g","h","g","g","e","e","c","d","b","c","a"
"590","a","e","c","g","g","h","g","g","f","e","d","c","d","a","g","a"
"591","a","d","b","e","d","g","g","h","h","g","f","d","d","b","c","a"
"592","c","g","d","h","d","h","d","d","f","b","h","b","d","b","a","b"
"593","a","d","b","f","d","h","f","g","g","e","g","c","g","b","c","a"
"594","b","f","e","g","h","h","g","f","f","e","d","c","b","b","a","a"
"595","b","g","f","h","f","g","e","d","c","b","a","b","d","b","h","b"
"596","b","g","f","h","g","h","e","e","d","b","a","b","e","b","h","b"
"597","b","c","d","e","g","g","h","h","g","g","e","e","b","b","a","a"
"598","b","c","b","e","f","g","h","h","g","g","e","d","c","b","b","a"
"599","c","f","h","g","h","g","g","f","e","d","c","c","b","b","b","a"
"600","a","c","c","e","g","g","h","h","g","g","e","d","c","b","c","a"
"601","a","f","c","f","g","g","h","g","g","e","e","c","c","b","b","a"
"602","a","e","c","f","f","g","h","g","g","e","f","c","d","b","b","a"
"603","a","e","c","f","f","h","d","g","d","e","e","c","g","a","g","a"
"604","a","f","d","h","e","h","d","f","c","c","b","a","f","b","h","b"
"605","a","f","d","h","g","h","g","f","g","b","c","b","a","b","g","b"
"606","h","h","c","h","c","g","c","e","c","d","c","c","d","b","f","a"
"607","a","e","d","f","g","h","g","g","f","e","f","c","f","a","a","a"
"608","a","c","a","e","f","g","h","h","g","g","f","d","e","b","c","a"
"609","a","f","d","g","f","h","e","f","e","d","d","b","b","b","h","b"
"610","a","c","c","e","f","g","h","h","f","f","e","d","d","b","d","a"
"611","a","e","d","f","g","h","h","g","g","e","e","c","b","b","b","a"
"612","h","h","g","g","f","f","e","e","c","d","b","c","b","b","b","a"
"613","a","e","b","f","g","g","h","g","g","f","f","c","d","b","c","a"
"614","c","g","c","f","f","h","d","f","e","b","a","b","e","b","h","b"
"615","a","c","b","e","e","g","h","h","g","g","f","d","e","b","d","a"
"616","a","d","b","f","e","g","g","h","f","f","f","d","f","b","f","a"
"617","b","f","e","g","h","h","h","g","f","e","d","c","b","b","a","a"
"618","a","c","b","e","f","g","h","h","g","f","e","d","d","b","d","a"
"619","d","e","g","g","g","h","f","f","d","c","a","b","a","b","g","b"
"620","a","d","c","f","g","g","h","h","g","f","e","d","d","b","c","a"
"621","a","d","d","f","g","h","g","g","g","f","f","c","e","a","a","a"
"622","a","f","b","f","f","g","g","g","g","f","f","c","e","b","e","a"
"623","a","f","c","g","f","h","e","f","e","c","c","b","e","b","h","b"
"624","a","c","c","e","f","g","h","h","g","g","e","d","c","b","b","a"
"625","a","e","e","g","g","h","g","g","f","e","e","b","a","a","g","a"
"626","a","d","a","e","d","f","g","h","h","g","g","e","e","b","e","a"
"627","b","f","e","g","h","h","g","f","f","d","f","b","c","a","a","a"
"628","a","e","c","f","f","h","f","g","e","e","e","c","f","b","g","a"
"629","b","g","g","h","g","g","f","f","f","d","f","b","a","a","b","b"
"630","b","g","f","h","f","g","d","d","b","b","a","b","e","b","h","b"
"631","b","e","f","g","f","h","e","e","g","b","g","b","b","b","a","b"
"632","a","b","b","d","e","g","g","h","f","g","e","e","f","b","g","a"
"633","a","d","b","e","f","g","h","h","g","g","e","d","d","b","c","a"
"634","a","d","b","e","e","g","g","h","g","f","f","d","e","b","d","a"
"635","a","f","d","f","g","g","g","g","f","f","e","c","d","b","c","a"
"636","b","f","d","h","f","h","e","e","d","b","a","b","e","b","h","b"
"637","a","e","b","f","e","g","h","h","g","f","e","d","d","b","e","a"
"638","b","g","f","h","f","g","e","e","c","b","a","b","e","b","h","b"
"639","a","d","b","e","f","g","g","h","g","f","f","d","e","b","e","a"
"640","a","d","c","e","e","g","f","h","f","f","f","d","f","b","f","a"
"641","a","f","d","g","g","g","d","f","c","d","c","c","e","b","h","a"
"642","a","d","a","e","d","g","f","h","f","f","f","d","g","b","g","a"
"643","a","e","d","g","g","h","d","g","d","e","e","c","e","a","h","a"
"644","a","d","d","e","g","g","h","h","g","f","d","d","c","b","b","a"
"645","a","b","b","c","c","f","e","g","g","h","g","f","g","c","f","a"
"646","a","d","b","f","f","g","h","h","g","f","e","d","d","b","c","a"
"647","a","c","c","d","f","g","h","h","g","g","f","e","d","b","c","a"
"648","a","f","d","g","h","h","h","g","f","e","d","c","b","b","b","a"
"649","a","f","c","g","f","h","e","f","e","c","b","b","e","b","h","b"
"650","h","h","h","g","e","g","e","e","c","d","b","c","b","b","b","a"
"651","a","f","c","g","h","h","g","g","e","e","d","c","d","b","f","a"
"652","a","c","b","e","e","g","g","h","h","f","f","d","e","b","c","a"
"653","a","c","a","e","d","g","f","h","f","f","f","d","f","b","g","a"
"654","c","h","g","h","g","g","e","d","c","b","a","b","d","b","h","c"
"655","a","e","c","g","h","h","g","g","f","e","e","c","d","b","e","a"
"656","b","f","c","f","g","g","h","g","g","e","e","c","c","b","a","a"
"657","a","d","b","e","e","g","g","h","g","g","f","d","e","b","e","a"
"658","c","g","g","h","f","g","d","d","b","b","a","b","e","b","h","b"
"659","a","f","d","f","g","h","g","g","g","e","e","c","d","b","c","a"
"660","d","g","g","g","h","g","g","f","e","d","c","c","b","b","a","a"
"661","a","b","c","d","f","f","h","h","g","g","e","e","c","b","a","a"
"662","a","e","c","f","f","h","g","g","g","e","f","c","e","b","e","a"
"663","a","d","c","f","g","g","h","h","f","f","d","d","c","b","b","a"
"664","a","g","e","g","g","h","e","f","d","d","d","b","b","a","h","a"
"665","a","c","b","e","f","g","h","h","g","g","f","d","d","b","c","a"
"666","a","f","d","g","f","h","f","f","e","c","b","b","d","b","h","b"
"667","a","e","c","f","e","h","f","g","f","e","f","c","f","b","g","a"
"668","b","f","e","f","g","g","h","g","g","e","d","c","b","b","a","a"
"669","a","d","b","e","e","g","g","h","g","f","f","d","e","b","e","a"
"670","a","d","b","f","e","g","h","h","g","f","f","d","d","b","c","a"
"671","d","g","g","h","f","g","e","d","c","b","a","b","d","b","h","b"
"672","a","e","c","f","g","g","h","g","g","e","e","c","c","b","b","a"
"673","a","e","c","f","f","g","g","h","f","f","e","d","d","b","d","a"
"674","a","e","b","f","f","g","g","g","g","e","f","c","e","b","f","a"
"675","a","f","e","g","h","h","g","f","f","d","f","b","a","a","b","a"
"676","a","e","d","g","g","h","f","g","e","c","a","b","b","b","h","b"
"677","a","e","b","f","d","h","e","g","e","e","e","c","g","b","h","a"
"678","a","c","a","f","c","g","f","h","f","f","f","d","f","b","h","a"
"679","a","f","d","g","f","h","f","f","e","c","b","b","c","b","h","b"
"680","a","e","b","f","f","g","g","g","f","e","f","c","f","b","f","a"
"681","a","e","c","f","e","g","f","g","f","f","f","c","f","b","f","a"
"682","a","d","b","e","e","f","g","h","g","g","f","d","e","b","c","a"
"683","a","e","d","g","g","h","g","f","f","c","c","b","a","b","g","b"
"684","a","e","a","f","d","g","g","h","g","f","f","d","f","b","f","a"
"685","a","c","b","f","d","g","f","h","f","f","f","d","f","b","g","a"
"686","a","f","d","f","h","h","h","g","f","e","d","c","b","b","b","a"
"687","a","d","d","f","g","g","h","h","f","f","d","d","b","b","b","a"
"688","a","d","c","f","g","h","f","g","f","f","e","c","d","b","g","a"
"689","a","c","b","e","f","g","h","h","g","f","e","d","c","b","e","a"
"690","c","g","f","h","f","g","f","e","f","c","c","b","a","b","g","b"
"691","a","d","b","f","d","g","g","h","g","f","f","d","e","b","g","a"
"692","a","d","c","f","e","g","f","h","f","f","f","d","f","b","g","a"
"693","a","b","g","c","g","f","f","h","e","h","d","e","d","c","d","a"
"694","a","c","c","e","f","g","h","h","g","f","f","d","d","b","c","a"
"695","d","f","b","f","g","g","h","g","g","e","d","c","b","b","b","a"
"696","a","d","b","f","e","g","h","h","g","f","f","d","e","b","d","a"
"697","a","c","b","d","d","f","f","h","g","g","g","e","f","b","e","a"
"698","a","d","c","e","g","g","h","h","g","f","e","d","c","b","a","a"
"699","a","c","b","e","d","g","g","h","g","f","f","d","f","b","e","a"
"700","a","g","d","h","f","g","f","e","g","b","h","b","c","b","a","b"
"701","a","c","a","f","d","g","f","h","f","f","f","d","f","b","h","a"
"702","a","c","b","d","d","g","g","h","g","g","g","e","f","b","e","a"
"703","a","c","b","e","e","g","h","h","g","g","f","d","e","b","d","a"
"704","a","h","d","g","d","f","d","e","e","d","e","c","f","b","h","a"
"705","d","h","b","f","d","h","d","f","f","b","a","b","d","b","h","b"
"706","a","b","b","d","e","f","h","h","h","g","f","e","e","b","d","a"
"707","h","g","g","h","e","g","d","e","c","d","c","c","b","b","a","a"
"708","a","c","b","d","d","f","f","g","h","h","g","f","f","c","e","a"
"709","a","c","b","e","c","g","e","h","f","f","f","d","f","b","h","a"
"710","a","e","d","f","h","h","h","g","f","e","c","c","b","b","c","a"
"711","a","c","b","e","g","g","h","h","g","g","e","d","c","b","c","a"
"712","a","c","c","e","f","g","h","h","g","f","e","d","c","b","b","a"
"713","a","e","e","f","h","h","g","g","f","e","d","c","c","b","c","a"
"714","a","e","d","g","h","h","g","g","f","e","e","c","c","b","b","a"
"715","d","h","c","e","d","h","c","f","e","c","a","b","e","b","h","b"
"716","c","f","e","h","e","h","e","f","d","c","a","b","e","b","h","b"
"717","a","c","b","e","f","g","h","h","g","f","f","d","e","b","e","a"
"718","a","c","c","e","e","g","f","h","f","f","f","d","f","b","g","a"
"719","d","f","g","h","g","h","e","f","d","c","a","b","b","b","g","b"
"720","a","d","b","f","g","g","h","g","g","f","e","d","d","b","d","a"
"721","a","e","c","f","f","g","h","g","g","f","f","c","d","b","b","a"
"722","a","e","c","f","g","h","g","g","f","e","f","c","f","a","b","a"
"723","b","d","e","f","h","h","h","g","f","f","e","d","c","b","a","a"
"724","a","h","c","g","f","f","f","e","f","d","e","c","d","b","f","a"
"725","a","d","b","f","d","g","f","h","f","f","f","d","g","b","g","a"
"726","a","c","b","e","e","g","h","h","g","f","f","d","e","b","e","a"
"727","a","b","c","d","f","g","h","h","g","g","e","e","d","b","c","a"
"728","b","f","c","h","d","h","d","f","d","c","c","b","f","b","h","b"
"729","a","e","a","e","e","g","h","h","h","g","f","d","d","b","c","a"
"730","a","d","f","f","h","h","g","g","e","f","d","c","c","b","a","a"
"731","a","a","c","c","e","e","g","g","g","h","f","f","e","d","e","a"
"732","c","e","d","f","h","h","h","g","f","e","d","c","b","b","a","a"
"733","a","a","c","c","g","f","g","h","f","h","e","f","e","c","e","a"
"734","a","e","c","f","f","g","g","g","f","f","f","c","f","b","e","a"
"735","e","h","c","f","d","f","d","f","e","c","a","b","e","b","h","b"
"736","a","d","a","f","d","g","h","h","h","f","f","c","d","b","d","a"
"737","a","f","b","f","f","g","g","g","g","f","f","c","e","a","d","a"
"738","h","h","g","g","e","f","d","e","c","d","b","c","b","b","b","a"
"739","a","d","b","e","d","f","g","g","h","g","f","e","e","b","e","a"
"740","a","e","b","f","e","g","g","h","g","f","f","c","e","b","e","a"
"741","a","e","d","g","f","h","e","f","e","c","c","b","d","b","h","b"
"742","a","e","b","g","f","h","f","g","g","e","f","c","f","a","e","a"
"743","b","f","f","h","f","h","e","f","d","c","a","b","c","b","h","b"
"744","c","g","g","h","f","g","d","d","b","b","a","b","e","b","h","b"
"745","a","d","b","f","e","g","g","h","f","f","f","d","f","b","f","a"
"746","a","d","b","f","f","g","h","h","g","f","e","d","d","b","d","a"
"747","d","f","f","g","h","h","g","f","e","e","c","c","b","b","a","a"
"748","a","e","d","g","g","h","h","g","f","e","d","c","c","b","b","a"
"749","a","c","b","e","e","g","h","h","g","g","f","d","d","b","b","a"
"750","a","e","c","g","g","h","h","g","g","e","d","c","b","b","b","a"
"751","c","g","g","h","f","g","e","d","c","b","a","b","d","b","h","b"
"752","a","c","b","e","e","g","g","h","g","g","f","d","f","b","e","a"
"753","b","f","d","h","e","h","d","f","d","c","a","b","f","b","h","b"
"754","b","d","a","d","c","f","g","h","h","g","g","e","e","b","c","a"
"755","b","f","f","h","f","h","f","e","f","b","a","b","a","b","h","b"
"756","b","f","d","h","e","h","d","f","d","c","a","b","e","b","h","b"
"757","a","d","b","e","e","g","h","h","g","f","f","d","d","b","c","a"
"758","b","f","d","g","h","h","h","f","f","e","d","c","b","b","a","a"
"759","a","d","a","d","d","f","g","h","h","g","f","e","e","b","e","a"
"760","b","e","c","f","h","g","g","g","e","f","b","c","b","b","d","a"
"761","a","d","a","f","d","g","g","h","h","f","g","d","e","b","c","a"
"762","a","c","b","e","e","g","h","h","g","f","e","d","d","b","d","a"
"763","b","c","c","e","g","g","h","h","g","f","d","d","b","b","b","a"
"764","a","e","c","f","g","g","h","g","g","e","e","c","d","b","c","a"
"765","f","g","g","h","f","g","e","e","c","b","a","b","b","b","g","b"
"766","a","d","c","f","f","g","h","h","g","f","e","d","d","b","b","a"
"767","c","f","f","g","h","h","g","f","e","e","c","c","b","b","a","a"
"768","b","f","c","g","e","h","e","f","e","c","a","b","f","b","h","b"
"769","a","d","b","f","e","g","h","h","g","f","f","d","e","b","d","a"
"770","c","e","f","g","h","h","g","g","e","e","c","c","b","b","a","a"
"771","a","d","c","f","g","h","e","g","d","f","d","c","e","a","h","a"
"772","h","h","f","g","e","f","c","e","c","d","b","c","b","b","d","a"
"773","e","e","d","g","g","h","f","g","e","d","b","b","a","a","h","b"
"774","a","b","b","d","d","f","f","h","g","h","g","f","f","c","e","a"
"775","c","f","g","g","h","h","f","f","f","d","e","b","a","a","a","a"
"776","a","e","a","e","e","g","h","h","g","f","e","d","c","b","d","a"
"777","b","f","f","h","g","h","g","f","f","c","b","b","a","b","g","b"
"778","a","d","b","e","d","g","g","h","h","g","g","d","e","b","d","a"
"779","a","d","b","f","f","g","h","h","g","f","f","d","d","b","c","a"
"780","a","b","c","d","g","f","h","h","g","g","d","e","c","c","b","a"
"781","a","f","e","g","g","h","f","f","f","c","d","b","a","b","g","b"
"782","a","d","b","f","g","g","h","h","g","f","f","d","e","b","c","a"
"783","b","f","e","g","g","h","e","f","d","d","b","b","b","b","h","b"
"784","a","e","b","f","f","g","h","g","g","f","f","c","d","b","c","a"
"785","a","f","d","h","e","h","e","d","c","b","b","b","f","b","h","b"
"786","c","g","g","h","f","g","e","e","c","b","a","b","d","b","h","b"
"787","a","d","c","e","f","g","h","h","g","f","f","d","d","b","d","a"
"788","d","f","g","h","f","h","e","e","c","b","a","b","c","b","h","b"
"789","g","h","h","g","g","g","e","e","c","d","c","c","a","b","a","a"
"790","b","g","f","h","g","h","f","e","e","c","a","b","b","b","h","b"
"791","a","d","b","f","f","g","g","h","g","f","f","d","e","b","e","a"
"792","a","f","d","h","f","h","f","f","e","c","a","b","d","b","h","b"
"793","a","d","b","e","e","g","g","h","f","f","f","d","f","b","f","a"
"794","b","g","e","h","e","g","e","e","e","b","a","b","e","b","h","b"
"795","g","h","h","g","g","g","d","e","c","d","b","c","b","b","b","a"
"796","d","f","f","h","f","g","f","e","b","b","a","b","d","b","h","b"
"797","a","d","c","g","e","h","d","g","e","d","d","b","c","b","h","b"
"798","h","h","g","g","f","f","e","e","d","d","c","c","b","b","a","a"
"799","b","e","e","h","f","h","e","f","c","b","a","b","e","b","h","b"
"800","b","f","e","h","f","g","f","f","f","c","b","b","a","b","h","b"
"801","d","f","g","h","f","h","e","e","c","b","a","b","d","b","h","b"
"802","h","h","g","g","f","f","d","e","c","d","b","c","b","b","b","a"
"803","h","h","g","g","f","f","e","e","c","d","b","c","b","b","b","a"
"804","b","f","d","h","d","h","d","e","d","b","b","b","f","b","h","b"
"805","b","g","f","h","e","g","e","e","e","c","a","b","b","b","h","b"
"806","b","d","d","e","g","g","h","h","g","f","e","d","c","b","a","a"
"807","a","f","d","g","f","h","e","f","e","d","c","b","b","b","h","b"
"808","a","e","b","g","g","h","g","g","f","e","e","c","d","b","c","a"
"809","a","e","c","f","f","h","g","g","g","e","e","c","e","b","e","a"
"810","h","h","h","g","f","f","e","e","d","d","b","c","b","b","a","a"
"811","a","f","d","h","f","h","e","f","f","c","b","b","d","b","h","b"
"812","c","g","d","h","d","g","c","d","c","b","b","b","f","b","h","b"
"813","a","d","b","e","f","g","h","h","g","f","e","d","c","b","b","a"
"814","h","h","g","g","f","f","e","e","d","d","b","c","b","b","a","a"
"815","a","e","e","g","g","h","f","f","d","d","a","b","d","a","h","b"
"816","h","h","g","g","f","g","e","e","d","d","b","c","b","b","a","a"
"817","a","f","d","g","f","h","f","f","e","c","d","b","c","b","h","b"
"818","g","g","h","h","g","g","e","f","d","d","b","c","b","b","a","a"
"819","a","e","c","g","e","h","d","f","e","c","d","b","d","b","h","b"
"820","a","e","c","g","f","h","f","f","f","d","c","b","d","b","h","b"
"821","b","f","d","h","e","g","d","d","b","b","b","b","f","b","h","b"
"822","h","h","g","g","f","f","e","e","c","d","b","c","b","b","b","a"
"823","b","f","d","h","e","g","d","e","b","b","b","b","f","b","h","b"
"824","a","e","c","f","g","h","h","g","g","e","e","c","c","b","c","a"
"825","c","f","d","h","e","h","e","f","e","c","a","b","d","b","h","b"
"826","a","d","b","f","f","g","g","g","f","f","f","d","e","b","f","a"
"827","a","d","b","f","e","g","h","h","g","f","e","d","d","b","d","a"
"828","b","f","e","h","e","h","e","e","b","b","b","b","f","b","h","b"
"829","a","e","b","f","g","h","h","g","g","f","f","c","d","b","c","a"
"830","a","b","b","d","e","f","g","h","h","g","f","e","e","b","c","a"
"831","a","d","c","f","g","g","h","g","g","f","e","c","c","b","b","a"
"832","b","g","e","h","e","g","e","e","d","b","a","b","f","b","h","b"
"833","h","h","g","g","f","f","d","e","c","d","b","c","b","b","b","a"
"834","b","f","f","h","g","h","f","f","d","c","a","b","d","b","h","b"
"835","a","e","c","g","f","h","f","f","e","c","b","b","d","b","h","b"
"836","a","g","e","h","f","g","f","e","f","b","a","b","c","b","h","b"
"837","a","e","a","f","e","g","g","g","g","e","f","c","f","b","f","a"
"838","a","d","c","f","f","g","h","h","g","f","f","d","d","b","b","a"
"839","h","h","g","g","f","g","e","e","d","d","c","c","b","b","a","a"
"840","a","f","d","h","e","h","e","f","f","c","c","b","b","b","h","b"
"841","a","d","c","e","f","g","h","h","g","f","f","d","c","b","b","a"
"842","b","f","d","h","e","h","f","e","c","b","a","b","f","b","h","b"
"843","a","g","e","h","g","g","g","f","f","d","e","c","d","b","c","a"
"844","c","f","d","h","d","h","d","e","e","b","a","b","e","b","h","b"
"845","a","f","d","g","h","h","g","f","f","e","d","c","c","b","b","a"
"846","f","h","h","g","g","f","f","e","e","d","c","c","b","b","a","a"
"847","a","d","b","e","e","g","h","h","g","f","f","d","e","b","d","a"
"848","a","g","e","h","e","h","e","f","e","c","b","b","d","b","h","b"
"849","a","f","e","g","g","h","f","f","f","c","c","b","a","b","g","b"
"850","b","g","d","h","d","g","d","e","e","c","b","b","c","b","h","b"
"851","b","e","f","g","h","h","g","g","e","e","d","c","b","b","a","a"
"852","b","f","e","h","e","h","e","e","b","b","a","b","f","b","h","b"
"853","b","g","e","h","f","g","e","e","c","b","a","b","e","b","h","b"
"854","a","f","e","h","f","h","f","e","f","b","d","b","a","b","h","b"
"855","a","b","b","d","d","f","g","h","h","g","f","e","e","c","d","a"
"856","a","d","c","f","g","g","h","h","g","f","e","d","c","b","b","a"
"857","f","g","h","h","g","g","e","f","d","d","b","c","b","b","a","a"
"858","a","d","c","e","g","g","h","h","g","f","e","d","c","b","b","a"
"859","a","f","c","g","g","h","f","f","e","d","e","a","b","b","h","b"
"860","d","g","h","h","g","g","f","f","d","d","c","c","b","b","a","a"
"861","h","h","g","g","g","f","f","e","d","d","c","c","b","b","a","a"
"862","h","h","g","g","f","f","e","e","d","d","b","c","b","b","a","a"
"863","a","e","b","f","f","g","h","h","g","f","f","d","d","b","c","a"
"864","b","f","f","h","f","h","f","e","f","b","a","b","b","b","h","b"
"865","e","g","g","h","f","g","d","e","c","b","a","b","d","b","h","b"
"866","a","a","b","c","d","e","f","g","h","h","g","g","e","d","d","a"
"867","h","h","g","g","f","f","e","e","c","d","b","c","b","b","b","a"
"868","a","e","c","e","f","g","h","h","g","f","e","d","c","b","b","a"
"869","a","b","b","d","e","f","g","h","h","h","f","e","e","b","c","a"
"870","b","g","d","h","e","h","e","e","e","c","a","b","e","b","h","b"
"871","a","e","b","f","f","g","g","g","f","e","e","c","e","b","f","a"
"872","b","g","e","h","d","g","e","e","d","b","a","b","e","b","h","b"
"873","b","e","e","g","f","h","e","f","d","d","b","b","c","b","h","b"
"874","a","f","d","g","f","h","e","f","e","d","d","b","b","b","h","b"
"875","a","c","c","e","f","g","h","h","g","f","f","d","d","b","b","a"
"876","a","e","c","g","g","h","h","g","g","e","e","c","d","b","b","a"
"877","b","g","f","h","e","g","e","e","e","b","a","b","d","b","h","b"
"878","a","d","b","e","d","g","g","h","g","g","f","d","f","b","e","a"
"879","a","e","d","g","h","h","h","g","g","e","e","c","c","b","b","a"
"880","h","g","g","h","f","g","e","e","d","d","c","c","b","b","a","a"
"881","a","d","b","e","f","g","f","h","d","f","c","d","d","b","h","a"
"882","c","g","d","h","e","g","d","d","b","b","b","b","f","b","h","c"
"883","h","h","h","g","f","f","e","e","d","d","c","c","b","b","a","a"
"884","a","e","b","f","e","g","g","g","g","f","f","c","f","b","f","a"
"885","a","f","d","g","f","h","f","f","e","c","b","b","c","b","h","b"
"886","c","g","f","h","f","g","e","e","d","b","a","b","e","b","h","b"
"887","a","d","c","f","g","g","h","h","g","f","f","d","d","b","b","a"
"888","a","f","d","h","f","h","f","f","f","c","b","b","c","b","h","b"
"889","a","g","e","h","f","g","f","e","e","b","a","b","d","b","h","b"
"890","a","d","b","f","f","g","h","h","g","f","e","d","c","b","c","a"
"891","a","d","a","f","d","g","g","h","g","f","f","d","e","b","f","a"
"892","b","f","e","h","f","h","e","f","f","c","a","b","b","b","h","b"
"893","a","e","d","f","g","g","h","g","g","f","e","c","c","b","b","a"
"894","a","f","d","g","h","h","g","g","f","e","e","c","d","b","c","a"
"895","a","f","a","f","e","g","g","g","g","e","f","c","f","b","f","a"
"896","b","f","a","d","d","f","h","h","h","g","f","d","d","b","c","a"
"897","a","e","c","g","e","h","e","f","e","c","b","b","f","b","h","b"
"898","a","c","b","d","d","f","g","h","g","g","f","e","e","b","d","a"
"899","a","f","b","f","g","h","h","g","g","e","e","c","c","b","c","a"
"900","h","f","h","g","f","g","e","f","d","d","c","c","b","b","a","a"
"901","h","h","g","h","f","g","e","e","d","d","b","c","b","b","a","a"
"902","a","d","c","f","f","g","h","h","g","f","f","d","d","b","c","a"
"903","a","f","d","g","f","h","e","f","f","c","d","b","c","b","h","b"
"904","a","d","b","e","d","g","g","h","g","f","f","d","e","b","e","a"
"905","a","h","a","g","b","f","d","e","e","d","g","c","h","b","g","a"
"906","a","f","d","g","h","h","g","g","g","e","e","c","c","b","b","a"
"907","a","d","a","f","d","g","g","h","f","f","f","d","f","b","g","a"
"908","a","c","c","e","f","g","h","h","g","g","e","d","c","b","b","a"
"909","a","f","d","g","f","h","f","f","e","c","a","b","c","b","h","b"
"910","a","f","c","g","h","h","g","g","f","e","e","c","d","b","c","a"
"911","b","f","e","h","e","h","e","f","e","c","b","b","c","b","h","b"
"912","a","e","b","f","e","g","f","g","f","f","f","d","f","b","f","a"
"913","b","g","e","h","e","g","e","e","c","b","a","b","g","b","h","b"
"914","b","f","d","h","f","h","e","f","d","c","a","b","f","b","h","b"
"915","a","g","d","h","e","h","e","f","d","c","b","b","e","b","h","b"
"916","b","g","f","h","g","h","f","e","d","c","a","b","b","b","h","b"
"917","b","g","e","h","e","g","e","e","e","b","a","b","d","b","h","b"
"918","h","h","g","g","f","f","e","e","c","d","b","c","b","b","a","a"
"919","h","h","g","g","f","f","e","e","d","d","c","c","b","b","a","a"
"920","b","g","d","h","e","g","d","d","b","b","b","b","f","b","h","b"
"921","b","e","e","h","f","h","f","e","c","b","a","b","e","b","h","b"
"922","b","f","d","h","e","h","e","f","d","c","a","b","e","b","h","b"
"923","c","f","g","g","h","h","f","f","c","e","b","c","b","b","b","a"
"924","b","f","d","h","e","h","e","f","e","c","b","b","c","b","h","b"
"925","b","e","a","f","c","g","g","g","g","f","f","c","f","b","f","a"
"926","c","g","e","h","e","g","d","e","c","c","a","b","e","b","h","b"
"927","b","e","d","h","f","h","e","f","c","b","a","b","e","b","h","b"
"928","a","b","b","c","d","f","f","h","g","h","g","f","f","c","f","a"
"929","a","e","a","e","d","g","h","h","g","f","f","d","e","b","f","a"
"930","h","h","g","g","f","f","f","e","d","d","b","c","a","b","a","a"
"931","a","b","b","c","e","f","g","h","h","h","f","f","e","c","d","a"
"932","b","f","d","h","d","h","e","e","e","b","a","b","f","b","h","b"
"933","h","h","g","h","g","g","f","e","d","d","c","c","b","b","a","a"
"934","b","f","d","h","e","h","e","f","e","c","b","b","c","b","h","b"
"935","a","d","c","e","f","g","h","h","g","g","e","d","c","b","b","a"
"936","a","b","b","d","d","f","f","h","h","h","g","e","f","b","e","a"
"937","b","f","d","h","e","h","d","e","c","b","b","b","f","b","h","b"
"938","a","e","c","g","f","h","e","f","e","d","c","b","d","b","h","b"
"939","a","g","e","h","e","h","e","e","e","b","a","b","e","b","h","b"
"940","a","d","b","f","f","g","h","h","g","f","f","d","e","b","c","a"
"941","c","f","d","h","d","h","d","e","d","c","a","b","e","b","h","b"
"942","c","f","e","h","e","h","e","f","e","c","a","b","c","b","h","b"
"943","b","f","d","h","e","h","e","f","d","c","a","b","f","b","h","b"
"944","b","f","e","h","f","h","e","e","c","b","a","b","e","b","h","b"
"945","b","f","d","h","e","h","e","f","e","c","a","b","d","b","h","b"
"946","a","c","c","e","f","g","h","h","g","g","f","d","d","b","c","a"
"947","a","c","b","d","e","f","h","h","g","g","f","e","d","b","d","a"
"948","b","f","e","h","g","h","f","f","f","c","a","b","b","b","h","b"
"949","a","e","b","f","e","h","f","g","f","e","f","c","f","b","g","a"
"950","a","e","c","f","g","h","h","g","g","e","e","c","d","b","c","a"
"951","c","e","e","h","f","h","e","e","c","b","a","b","e","b","h","b"
"952","a","e","e","g","f","h","f","f","c","c","a","b","e","b","h","b"
"953","b","f","g","g","h","h","g","g","e","e","c","c","b","b","a","a"
"954","a","d","d","f","f","h","f","g","f","e","e","b","a","a","h","a"
"955","b","g","e","h","e","g","f","e","e","c","a","b","d","b","h","b"
"956","c","f","e","h","e","g","d","d","a","b","b","b","f","b","h","b"
"957","h","g","h","h","f","g","e","e","d","d","b","c","a","b","b","a"
"958","a","e","c","g","f","h","g","g","f","e","f","c","f","b","e","a"
"959","c","g","h","h","g","g","d","f","c","d","b","c","b","b","h","a"
"960","h","h","h","g","f","f","c","e","c","d","c","c","a","b","a","a"
"961","c","e","f","g","h","h","f","f","c","d","a","b","b","b","g","b"
"962","a","d","c","f","g","g","h","h","g","f","f","c","d","b","c","a"
"963","a","d","b","f","f","g","h","g","g","f","e","c","d","b","e","a"
"964","b","f","d","h","e","h","e","f","e","c","a","b","e","b","h","b"
"965","a","d","b","e","f","g","h","h","g","f","f","d","e","b","d","a"
"966","g","h","h","g","g","g","e","e","d","d","b","c","b","b","a","a"
"967","c","f","e","h","e","h","e","e","e","c","a","b","d","b","h","b"
"968","a","f","c","f","g","h","g","g","f","e","e","c","d","b","e","a"
"969","a","f","c","h","e","h","e","f","f","c","b","b","e","b","h","b"
"970","a","e","a","f","e","g","g","g","g","f","f","c","f","b","e","a"
"971","a","c","b","d","e","f","g","h","g","g","f","e","e","b","e","a"
"972","c","g","f","h","e","g","e","d","d","b","a","b","e","b","h","b"
"973","a","d","c","f","f","g","g","h","g","f","f","d","d","b","d","a"
"974","a","e","c","g","e","h","e","f","d","d","c","b","f","b","h","b"
"975","a","d","c","e","f","g","h","h","g","f","e","d","c","b","b","a"
"976","g","h","h","g","g","f","e","e","c","d","c","c","b","b","a","a"
"977","c","g","e","h","f","g","e","d","b","b","a","b","e","b","h","b"
"978","a","g","e","h","e","g","e","e","e","c","b","b","c","b","h","b"
"979","a","d","b","f","f","g","g","h","g","f","f","d","e","b","d","a"
"980","b","f","d","h","e","h","e","f","d","c","a","b","e","b","h","b"
"981","h","h","g","g","f","f","d","e","c","d","b","c","b","b","b","a"
"982","a","f","d","h","e","h","e","f","e","c","a","b","e","b","h","b"
"983","a","c","c","e","f","g","h","h","g","g","f","d","d","b","c","a"
"984","h","h","h","g","f","f","d","e","b","d","b","c","b","b","b","a"
"985","a","f","d","f","h","h","g","g","f","e","d","c","c","b","d","a"
"986","a","e","c","f","f","g","h","g","g","f","f","d","d","b","c","a"
"987","a","e","b","f","g","g","h","h","g","f","e","d","c","b","b","a"
"988","b","f","d","g","f","h","e","f","c","c","a","b","e","b","h","b"
"989","a","e","d","g","g","h","f","g","e","d","c","b","b","b","h","b"
"990","g","g","h","h","f","g","e","e","d","d","b","c","b","b","a","a"
"991","c","h","h","g","c","f","c","e","c","d","c","c","c","b","h","a"
"992","a","a","b","c","d","e","f","g","h","h","g","f","e","c","e","a"
"993","a","d","c","f","g","g","h","h","g","f","e","d","c","b","b","a"
"994","a","f","e","h","e","h","e","f","d","c","b","b","c","b","h","b"
"995","a","c","b","c","e","e","g","h","h","h","g","f","e","c","d","a"
"996","a","c","b","d","e","f","g","h","g","g","f","e","e","b","d","a"
"997","b","e","d","h","d","h","e","f","e","c","a","b","f","b","h","b"
"998","b","e","d","h","e","h","d","f","e","c","b","b","e","b","h","b"
"999","h","h","g","g","f","f","e","e","c","d","c","c","b","b","a","a"
"1000","b","f","e","h","e","h","e","e","c","b","a","b","e","b","h","b"
"1001","a","g","d","g","h","g","g","f","f","d","d","c","d","b","c","a"
"1002","d","g","f","h","f","g","d","e","c","b","a","b","e","b","h","b"
"1003","a","f","d","g","h","h","g","f","f","e","e","c","d","b","b","a"
"1004","a","e","b","f","e","g","g","g","g","f","f","d","f","b","e","a"
"1005","a","c","c","e","g","g","h","h","g","g","e","d","c","b","b","a"
"1006","b","f","d","h","e","h","e","e","c","b","a","b","f","b","h","b"
"1007","a","e","b","f","f","h","g","g","g","e","f","c","e","b","c","a"
"1008","h","g","h","h","f","g","d","e","c","d","b","c","b","b","b","a"
"1009","b","e","c","f","g","g","h","g","g","f","e","c","b","b","a","a"
"1010","a","f","c","g","g","h","g","f","f","e","f","c","e","b","c","a"
"1011","a","e","d","g","e","h","e","f","e","d","c","b","d","b","h","b"
"1012","g","h","h","g","g","f","e","e","d","d","c","c","b","b","a","a"
"1013","c","f","e","h","e","h","d","f","e","c","a","b","d","b","h","b"
"1014","b","f","d","h","e","h","e","e","c","b","b","b","f","b","h","b"
"1015","a","e","a","f","e","g","g","g","f","f","f","c","e","b","g","a"
"1016","a","f","a","g","f","h","h","g","g","e","f","c","d","b","d","a"
"1017","c","f","e","h","e","h","f","e","e","c","a","b","c","b","h","b"
"1018","h","h","h","g","f","f","e","e","c","d","b","c","b","b","b","a"
"1019","a","f","c","h","e","h","e","f","e","c","b","b","e","b","h","b"
"1020","b","f","c","h","e","h","e","e","d","b","a","b","f","b","h","b"
"1021","b","f","d","h","f","h","e","f","e","c","a","b","d","b","h","b"
"1022","a","e","d","g","f","h","e","f","e","c","b","b","d","b","h","b"
"1023","a","c","b","d","f","f","h","h","g","g","f","e","e","b","d","a"
"1024","a","e","c","f","f","g","h","h","g","f","f","d","d","b","c","a"
"1025","b","f","c","g","g","h","f","f","e","d","d","b","a","a","h","b"
"1026","b","f","d","h","e","h","e","e","e","c","a","b","e","b","h","b"
"1027","h","h","g","g","f","f","e","e","c","d","b","c","b","b","b","a"
"1028","c","g","f","h","f","h","e","e","c","b","a","b","d","b","h","b"
"1029","b","f","d","h","e","h","e","e","d","b","a","b","e","b","h","b"
"1030","a","g","e","h","f","h","f","f","f","c","c","b","b","b","h","b"
"1031","a","d","b","e","e","g","h","h","g","f","f","d","d","b","c","a"
"1032","a","f","d","h","e","h","e","f","e","d","c","b","c","b","h","b"
"1033","a","b","b","d","e","f","g","h","h","g","f","e","e","b","c","a"
"1034","a","f","d","g","h","h","g","f","f","e","d","c","c","b","b","a"
"1035","h","h","g","g","f","f","e","e","d","d","c","c","b","b","a","a"
"1036","a","f","e","h","f","h","f","f","e","c","b","b","b","b","h","b"
"1037","c","f","e","h","e","g","d","e","c","b","a","b","e","b","h","b"
"1038","a","f","b","f","e","g","h","g","g","f","f","c","d","b","c","a"
"1039","a","e","b","f","e","g","h","g","g","f","f","c","e","b","e","a"
"1040","a","d","c","e","f","g","h","h","g","f","f","d","d","b","b","a"
"1041","h","h","g","g","f","f","e","e","c","d","b","c","b","b","b","a"
"1042","a","c","c","e","f","g","h","h","g","g","e","d","d","b","b","a"
"1043","a","c","b","d","f","f","h","h","g","g","f","e","d","b","d","a"
"1044","h","h","g","g","f","f","e","e","d","d","b","c","b","b","a","a"
"1045","b","f","e","h","e","h","e","f","e","c","a","b","c","b","h","b"
"1046","g","h","h","g","g","g","e","e","c","d","b","c","b","b","a","a"
"1047","f","g","h","h","h","g","f","f","d","d","b","c","b","b","a","a"
"1048","a","g","c","g","f","h","e","f","e","d","f","b","b","a","h","b"
"1049","a","c","b","e","e","g","h","h","g","f","f","d","d","b","c","a"
"1050","a","f","c","g","e","h","e","f","e","c","b","b","e","b","h","b"
"1051","a","c","b","e","e","g","h","h","g","g","f","d","d","b","c","a"
"1052","a","d","b","f","f","g","h","h","g","f","f","d","d","b","d","a"
"1053","b","f","e","h","f","h","e","e","c","b","a","b","e","b","h","b"
"1054","h","h","g","g","f","f","d","e","c","d","b","c","b","b","b","a"
"1055","a","e","b","f","f","g","g","g","f","e","f","c","f","b","g","a"
"1056","a","c","b","d","e","f","g","h","g","g","f","e","e","b","c","a"
"1057","b","f","d","h","e","h","d","f","c","c","b","b","f","b","h","b"
"1058","h","h","g","g","f","f","e","e","d","d","b","c","b","b","a","a"
"1059","a","f","e","g","f","h","e","f","d","c","a","b","e","b","h","b"
"1060","a","e","b","e","e","g","h","h","g","f","f","d","d","b","c","a"
"1061","g","h","g","h","g","g","f","e","e","d","c","c","a","b","a","a"
"1062","h","g","h","h","g","g","e","e","d","d","c","c","b","b","a","a"
"1063","a","e","b","e","f","g","h","h","g","f","f","d","d","b","c","a"
"1064","a","e","b","f","e","g","g","h","g","f","f","d","e","b","e","a"
"1065","a","e","c","f","f","g","h","g","g","e","f","c","d","b","c","a"
"1066","a","e","b","f","g","g","g","g","f","e","e","c","e","b","e","a"
"1067","a","b","b","d","d","f","g","h","h","h","g","f","e","c","d","a"
"1068","b","f","e","g","h","h","g","f","f","e","d","c","b","b","a","a"
"1069","a","c","b","e","e","g","g","h","g","g","f","d","e","b","e","a"
"1070","c","f","e","h","e","h","e","e","e","b","a","b","d","b","h","b"
"1071","c","f","d","h","e","h","d","e","d","c","a","b","e","b","h","b"
"1072","a","e","c","g","g","h","h","g","f","e","e","c","c","b","d","a"
"1073","e","g","h","h","h","g","f","f","d","d","b","c","a","b","a","a"
"1074","b","g","f","h","f","g","e","e","e","c","a","b","b","b","h","b"
"1075","b","f","d","h","d","h","d","e","e","b","a","b","e","b","h","b"
"1076","h","h","g","g","g","g","e","e","d","d","c","c","b","b","a","a"
"1077","a","f","b","f","g","h","g","g","g","e","f","c","d","b","b","a"
"1078","a","f","d","h","f","h","e","f","e","c","b","b","d","b","h","b"
"1079","h","h","g","g","f","f","e","e","c","d","b","c","b","b","b","a"
"1080","d","f","f","g","f","h","f","g","e","d","b","b","a","a","h","a"
"1081","b","f","d","h","e","h","e","f","e","b","a","b","e","b","h","b"
"1082","a","d","c","e","g","g","g","h","f","f","e","d","d","b","d","a"
"1083","b","f","c","h","d","h","d","e","c","b","b","b","f","b","h","b"
"1084","d","g","h","h","h","g","f","f","d","d","c","c","b","b","a","a"
"1085","b","f","d","h","f","h","e","e","b","b","b","b","f","b","h","b"
"1086","a","e","a","e","d","f","g","h","g","g","f","d","e","b","d","a"
"1087","a","e","a","f","e","g","h","g","g","f","f","c","e","b","e","a"
"1088","b","f","d","g","f","h","f","f","f","d","f","b","a","a","g","b"
"1089","a","f","e","h","g","h","f","f","f","c","b","b","b","b","h","b"
"1090","a","c","c","e","f","g","h","h","g","g","e","d","c","b","b","a"
"1091","b","f","d","h","e","h","e","e","f","b","a","b","d","b","h","b"
"1092","a","e","e","g","g","h","g","g","e","d","b","b","b","b","h","b"
"1093","a","f","d","h","g","h","f","f","e","c","b","b","d","b","h","b"
"1094","a","e","d","f","e","h","e","g","e","e","d","b","d","a","h","a"
"1095","a","f","c","g","e","h","e","f","f","c","c","b","d","b","h","b"
"1096","a","c","c","e","f","g","h","h","g","g","e","d","c","b","b","a"
"1097","b","f","d","h","e","h","e","f","e","c","a","b","d","b","h","b"
"1098","h","h","g","g","f","g","e","e","d","d","c","c","b","b","a","a"
"1099","a","e","e","g","h","h","f","g","d","e","c","b","a","a","g","a"
"1100","h","h","h","g","f","f","d","e","c","d","c","c","b","b","a","a"
"1101","a","c","b","d","e","f","g","h","g","g","f","e","e","b","e","a"
"1102","a","e","b","e","e","g","g","h","e","f","e","d","e","b","h","a"
"1103","a","d","b","e","e","g","g","h","g","g","f","d","e","b","d","a"
"1104","h","h","g","g","f","f","e","e","d","d","c","c","b","b","a","a"
"1105","h","h","g","g","e","f","d","e","c","d","b","c","b","b","c","a"
"1106","a","g","c","g","e","h","e","f","e","c","c","b","e","b","h","b"
"1107","a","b","b","d","d","f","g","h","h","h","g","f","e","c","d","a"
"1108","a","g","d","h","e","h","e","f","e","c","a","b","d","b","h","b"
"1109","b","f","f","g","h","h","f","f","d","d","b","b","a","a","g","a"
"1110","b","f","e","h","e","h","e","e","e","c","a","b","d","b","h","b"
"1111","h","h","g","g","f","f","e","e","c","d","b","c","b","b","a","a"
"1112","a","e","c","f","g","g","h","h","g","f","e","d","c","b","b","a"
"1113","c","g","f","h","e","g","d","e","b","b","a","b","f","b","h","b"
"1114","h","h","g","g","f","f","e","e","d","d","b","c","b","b","a","a"
"1115","a","f","e","h","e","h","e","f","f","c","c","b","c","b","h","b"
"1116","c","f","d","h","e","h","d","e","b","b","a","b","f","b","h","b"
"1117","a","f","d","g","h","h","g","f","f","e","d","c","c","b","d","a"
"1118","a","e","d","g","g","h","e","f","c","d","b","b","d","b","h","b"
"1119","a","d","b","f","d","g","g","g","f","f","f","d","f","b","g","a"
"1120","a","e","b","f","f","g","h","h","g","f","f","d","d","b","c","a"
"1121","b","f","e","h","e","h","e","f","e","c","a","b","e","b","h","b"
"1122","b","f","a","d","e","f","h","h","h","g","f","d","d","b","b","a"
"1123","a","c","b","e","e","g","h","h","g","g","f","d","e","b","d","a"
"1124","a","g","e","h","f","h","e","e","e","c","a","b","c","b","h","b"
"1125","b","f","e","h","f","h","f","f","e","c","a","b","d","b","h","b"
"1126","h","g","g","h","g","g","e","e","d","d","c","c","b","b","a","a"
"1127","a","e","d","g","g","h","g","g","e","d","b","b","b","b","h","a"
"1128","a","d","b","f","f","h","g","g","f","e","e","c","d","b","f","a"
"1129","b","e","b","e","f","g","h","h","g","f","e","d","c","b","b","a"
"1130","a","c","b","e","e","g","g","h","g","f","f","d","e","b","e","a"
"1131","a","e","d","g","f","h","f","f","e","c","a","b","d","b","h","b"
"1132","a","a","b","c","d","e","g","g","h","h","g","g","e","d","d","a"
"1133","h","h","g","g","f","f","e","e","d","d","b","c","b","b","a","a"
"1134","a","e","b","e","e","g","h","h","h","g","f","d","d","b","b","a"
"1135","a","e","b","f","e","g","g","g","g","f","f","c","e","b","e","a"
"1136","c","f","f","h","f","h","e","e","b","b","a","b","e","b","h","b"
"1137","b","f","c","h","e","h","d","e","c","c","b","b","f","b","h","b"
"1138","c","f","f","h","d","g","d","f","d","c","a","b","c","b","h","b"
"1139","a","b","b","c","e","f","g","h","h","h","f","f","e","c","c","a"
"1140","h","h","g","g","f","g","e","e","d","d","c","c","b","b","a","a"
"1141","a","e","c","f","g","h","f","g","f","e","e","c","f","b","f","a"
"1142","a","f","e","h","e","h","e","f","e","c","a","b","d","b","h","b"
"1143","d","h","c","g","a","d","a","d","e","c","h","f","g","c","g","a"
"1144","a","g","a","f","b","c","g","d","g","g","f","f","f","c","g","a"
"1145","e","h","c","g","a","e","a","d","e","c","h","e","g","c","f","a"
"1146","b","h","b","g","a","d","d","d","g","e","g","e","g","b","f","a"
"1147","d","h","b","g","a","e","b","c","g","c","h","e","f","c","f","a"
"1148","c","h","c","g","b","c","h","c","h","d","f","f","c","c","b","a"
"1149","c","h","a","e","b","b","g","b","h","e","f","h","f","d","f","a"
"1150","c","h","b","g","a","e","d","c","h","c","h","f","f","c","d","a"
"1151","c","h","b","g","a","d","b","c","f","c","g","e","g","c","g","a"
"1152","e","h","d","g","a","e","a","d","g","c","h","e","f","b","c","a"
"1153","c","h","a","g","a","d","d","c","g","d","g","f","g","c","g","a"
"1154","d","h","a","f","a","c","f","b","g","e","g","h","f","d","e","a"
"1155","a","g","a","f","c","d","f","e","g","g","f","e","f","b","f","a"
"1156","b","g","a","g","b","d","g","c","h","e","g","g","e","c","d","a"
"1157","b","h","b","h","b","f","b","c","f","d","f","e","g","b","h","a"
"1158","a","h","a","f","c","d","g","e","g","g","f","e","f","b","g","a"
"1159","d","g","a","f","a","d","h","d","h","f","e","g","d","c","d","a"
"1160","b","h","a","g","a","d","d","c","h","d","g","f","g","c","e","a"
"1161","e","h","a","f","a","d","g","e","h","g","f","d","d","b","c","a"
"1162","f","h","a","f","a","c","g","d","g","f","e","g","e","c","f","a"
"1163","d","h","c","g","a","e","a","c","e","d","h","e","g","c","f","a"
"1164","d","h","b","g","a","e","a","c","e","b","h","d","g","c","g","a"
"1165","f","h","c","g","a","f","d","d","h","d","g","d","e","b","b","a"
"1166","c","h","b","g","a","d","c","c","g","d","h","f","g","c","f","a"
"1167","b","h","c","g","a","e","a","c","f","c","g","e","g","c","g","a"
"1168","b","h","b","g","a","f","c","d","h","e","g","d","g","b","f","a"
"1169","c","h","b","g","a","d","d","c","g","f","g","f","g","b","g","a"
"1170","e","h","b","g","a","f","b","d","g","e","h","c","f","b","e","a"
"1171","d","h","b","g","a","d","c","c","h","d","g","f","f","c","d","a"
"1172","d","h","b","g","a","e","d","d","h","e","g","d","e","b","d","a"
"1173","b","h","b","h","b","f","c","d","g","c","h","d","g","b","f","a"
"1174","a","h","a","f","b","c","g","c","h","f","f","h","f","d","f","a"
"1175","b","h","a","f","b","c","g","d","h","f","f","f","f","b","f","a"
"1176","e","h","b","f","d","e","h","f","g","f","e","d","c","b","a","a"
"1177","f","h","c","h","a","e","a","b","g","c","h","e","f","d","d","a"
"1178","e","h","c","f","f","e","h","f","g","f","e","d","b","b","a","a"
"1179","b","h","a","f","a","c","f","c","h","e","f","h","f","d","f","a"
"1180","c","h","b","g","a","d","d","c","g","c","h","d","f","e","f","a"
"1181","d","h","b","g","a","e","b","d","f","d","h","d","g","b","e","a"
"1182","b","h","a","g","a","c","d","c","h","d","g","f","g","c","f","a"
"1183","a","g","c","h","b","f","b","c","g","d","g","e","g","b","g","a"
"1184","d","h","b","g","a","d","e","c","h","d","h","e","e","c","b","a"
"1185","b","h","a","g","b","e","d","c","g","d","g","e","g","b","g","a"
"1186","f","h","b","g","a","e","c","c","h","d","h","f","e","c","c","a"
"1187","b","h","a","g","a","e","d","c","g","d","g","e","g","b","f","a"
"1188","d","h","c","h","b","e","a","b","d","c","g","d","g","d","h","a"
"1189","f","h","c","g","b","f","a","d","c","c","g","c","h","b","g","a"
"1190","a","h","a","f","b","d","g","d","g","f","g","e","g","b","f","a"
"1191","c","h","b","g","a","e","c","b","g","c","h","f","g","c","f","a"
"1192","f","h","c","g","a","f","a","c","f","c","h","e","f","b","e","a"
"1193","e","h","b","f","a","d","g","e","h","f","f","g","d","b","b","a"
"1194","c","h","a","f","d","d","h","d","g","g","e","e","d","b","c","a"
"1195","f","h","c","f","c","d","g","e","h","g","e","d","c","b","a","a"
"1196","d","h","b","g","a","d","b","d","f","c","h","e","g","c","g","a"
"1197","f","h","d","g","b","f","a","c","c","b","g","c","g","c","g","a"
"1198","d","h","a","g","a","d","g","d","g","e","f","f","e","b","f","a"
"1199","f","h","c","g","a","d","b","d","h","d","g","f","e","c","d","a"
"1200","b","h","b","g","b","e","b","c","f","c","h","d","g","c","g","a"
"1201","e","h","c","g","a","d","a","c","d","c","g","d","g","d","g","a"
"1202","b","h","b","h","b","f","b","c","f","c","h","d","g","b","g","a"
"1203","d","h","a","f","a","b","e","b","g","d","f","h","f","e","g","a"
"1204","f","h","b","g","a","d","e","d","h","f","g","e","d","b","c","a"
"1205","d","h","b","g","a","f","b","d","f","d","h","d","g","b","f","a"
"1206","b","h","c","h","b","e","b","c","f","c","h","e","g","c","f","a"
"1207","f","h","c","f","a","c","d","d","h","e","g","g","e","c","c","a"
"1208","b","h","b","g","a","d","b","c","g","c","h","e","g","c","f","a"
"1209","c","g","a","f","b","d","h","d","f","g","f","f","e","b","e","a"
"1210","g","h","e","g","a","e","c","d","h","d","g","f","d","c","b","a"
"1211","b","h","a","g","b","d","f","c","h","d","g","e","f","c","e","a"
"1212","e","h","c","g","a","e","a","c","f","c","h","e","g","c","f","a"
"1213","c","h","b","g","a","e","c","c","g","d","g","e","g","c","g","a"
"1214","c","h","b","f","a","c","g","c","h","e","f","g","f","d","e","a"
"1215","a","h","b","h","b","f","c","c","f","c","h","e","g","b","h","a"
"1216","d","h","b","g","b","c","g","c","h","e","g","f","d","c","b","a"
"1217","g","h","c","f","a","c","e","c","g","e","f","h","e","c","e","a"
"1218","a","g","a","f","c","d","h","d","h","g","f","f","e","b","d","a"
"1219","e","h","d","g","a","e","a","d","d","c","h","d","g","c","g","a"
"1220","c","h","a","g","a","d","e","d","h","g","g","e","f","b","f","a"
"1221","b","h","a","g","b","d","f","d","g","f","f","e","g","b","g","a"
"1222","b","h","b","g","b","e","c","c","g","e","g","d","g","b","h","a"
"1223","c","h","b","g","b","f","b","d","g","c","g","d","f","b","h","a"
"1224","b","h","c","h","b","f","b","d","d","c","g","d","g","c","h","a"
"1225","f","h","b","g","a","d","f","c","h","e","g","e","d","b","b","a"
"1226","d","g","d","h","a","e","b","c","h","d","h","f","e","c","c","a"
"1227","d","h","b","g","a","e","b","c","g","d","h","e","g","b","e","a"
"1228","c","h","c","h","a","e","b","c","h","c","h","e","f","b","e","a"
"1229","b","h","d","h","a","f","a","d","f","d","h","d","g","b","f","a"
"1230","e","h","b","f","a","d","c","d","g","e","g","f","f","b","e","a"
"1231","g","h","b","f","a","d","g","d","g","g","f","e","c","b","a","a"
"1232","b","h","a","e","c","c","h","c","g","g","f","g","e","c","d","a"
"1233","b","h","a","g","a","c","e","d","g","e","g","f","g","c","g","a"
"1234","e","g","d","g","a","f","e","d","h","f","g","d","d","b","c","a"
"1235","e","h","b","g","b","e","h","d","h","g","f","d","d","b","a","a"
"1236","d","h","b","f","b","d","h","e","h","f","e","f","c","b","b","a"
"1237","b","h","b","h","b","f","b","c","e","b","g","d","g","c","h","a"
"1238","b","g","b","h","c","g","c","e","c","c","g","b","h","b","h","a"
"1239","b","h","b","g","a","c","d","c","h","c","f","f","g","c","g","a"
"1240","d","h","e","g","b","f","a","c","e","c","h","e","g","b","f","a"
"1241","d","h","a","g","a","d","e","c","h","d","g","g","e","c","d","a"
"1242","b","g","b","h","a","d","f","c","h","d","g","g","e","c","d","a"
"1243","c","h","b","g","a","e","a","c","f","c","g","e","g","b","h","a"
"1244","f","h","c","g","b","e","a","c","e","c","h","d","f","c","e","a"
"1245","c","h","b","g","a","d","d","c","h","e","g","e","g","b","e","a"
"1246","c","h","b","g","a","d","c","c","g","c","h","e","g","c","f","a"
"1247","b","h","c","g","a","d","e","c","h","c","g","f","f","c","f","a"
"1248","c","h","b","g","a","d","e","c","h","d","g","f","e","c","d","a"
"1249","b","h","b","g","a","c","e","b","g","e","g","f","g","c","f","a"
"1250","c","h","b","g","a","d","e","c","h","e","g","e","f","b","d","a"
"1251","f","h","c","g","a","c","e","c","g","e","g","g","f","c","d","a"
"1252","c","h","a","f","b","b","g","b","h","d","f","g","e","e","e","a"
"1253","c","h","b","f","a","b","g","c","h","e","f","h","f","d","f","a"
"1254","c","h","b","g","a","e","b","c","f","d","h","e","g","c","g","a"
"1255","c","h","a","g","a","d","d","b","g","c","h","f","f","c","e","a"
"1256","b","h","b","g","a","d","d","c","h","c","g","f","f","c","f","a"
"1257","c","h","b","g","a","c","f","c","h","f","g","f","e","c","c","a"
"1258","d","h","b","g","a","e","e","d","h","f","g","d","d","b","c","a"
"1259","b","h","b","g","b","e","b","c","f","c","h","e","g","c","g","a"
"1260","b","h","a","g","a","d","f","c","h","f","g","e","f","b","e","a"
"1261","g","h","b","g","a","c","e","c","h","e","f","g","e","c","e","a"
"1262","c","g","a","g","a","c","g","c","h","f","f","g","f","c","f","a"
"1263","d","h","b","g","a","e","b","c","e","c","h","d","g","c","g","a"
"1264","c","h","c","g","b","d","g","d","h","f","g","e","d","b","a","a"
"1265","c","h","b","g","a","d","c","b","h","c","h","d","e","d","f","a"
"1266","b","h","b","g","b","e","b","c","g","c","h","d","f","c","f","a"
"1267","e","g","e","h","a","f","b","d","h","e","h","e","e","b","c","a"
"1268","g","h","b","f","a","d","e","d","h","d","f","g","e","c","c","a"
"1269","c","h","b","g","a","d","e","c","h","c","f","f","d","c","c","a"
"1270","c","h","b","g","a","e","b","c","f","c","h","e","g","c","g","a"
"1271","b","h","b","g","a","e","c","c","g","d","h","d","g","b","f","a"
"1272","b","h","a","g","a","e","e","d","h","e","g","d","g","b","f","a"
